timestamp,tx_px,ty_px,rotation_2d_rad,scale,shear,inlier_ratio,fit_rmse_px,spatial_coverage,motion_quality
0.0,0.05410715250672013,0.03573786816388532,-2.6439663707572976e-05,1.0000954364529173,0.0,1.0,0.07321364965270906,0.7747395833333334,GOOD
0.020428571825469394,0.05105871412777609,0.023434063373075627,-2.1423224037883607e-05,1.000120574574774,0.0,1.0,0.07218824899751711,0.7747395833333334,GOOD
0.04085714365093879,0.08067069595700505,0.01967616945727056,-1.7545359095654544e-05,1.0000978733188053,0.0,1.0,0.08829923840531373,0.7747395833333334,GOOD
0.06128571547640819,0.09795690767860585,-0.03210375119485987,9.919158483193424e-05,1.000108230278538,0.0,1.0,0.09784079736000394,0.7747395833333334,GOOD
0.08171428730187758,0.07351670076523215,-0.019617968663414892,6.97388056459666e-05,1.0001226273189359,0.0,1.0,0.108362963346466,0.7747395833333334,GOOD
0.10214285912734698,0.07642200970718999,-0.0018641558341424905,3.2692727673878684e-05,1.0001169867078363,0.0,1.0,0.12094575822813447,0.7747395833333334,GOOD
0.12257143095281638,0.06973523779836407,0.013046440449268573,-5.596826701395862e-05,1.0001256586139435,0.0,1.0,0.1477628394812062,0.7747395833333334,GOOD
0.14300000277828576,0.05597273660164011,0.0176913146933695,-0.00010620791954073877,1.000134122095544,0.0,1.0,0.16565846454196737,0.7747395833333334,GOOD
0.16342857460375515,0.0652963636238723,0.004746759588377343,-7.651801321768522e-05,1.0001213189479294,0.0,1.0,0.18795137698104897,0.7747395833333334,GOOD
0.18385714642922457,0.062487247091522403,0.014009712418150425,-9.347784924416985e-05,1.0001246046154055,0.0,1.0,0.19622627707003754,0.7747395833333334,GOOD
0.20428571825469397,0.0824709210476761,0.02965385659782879,-9.523050195151193e-05,1.000066538467763,0.0,1.0,0.1986493765300345,0.7747395833333334,GOOD
0.22471429008016336,0.07638506062397525,0.04386919920295733,-9.569305728070287e-05,1.0000998348393464,0.0,1.0,0.20063497120043286,0.7747395833333334,GOOD
0.24514286190563275,0.0722999584185654,0.02625743476042168,-8.454026310183605e-05,1.0000981318829667,0.0,1.0,0.19648546210985987,0.7747395833333334,GOOD
0.26557143373110215,0.0708820101120203,0.023387024512757804,-8.678750273814232e-05,1.0001184862607764,0.0,1.0,0.20477054328101796,0.7747395833333334,GOOD
0.2860000055565715,0.07566187067582597,0.043354490488154936,-0.00014545055241216423,1.0001040481208305,0.0,1.0,0.22188129523863012,0.7747395833333334,GOOD
0.30642857738204093,0.07277013509400962,0.05787353255338898,-0.00015958453445778458,1.0000625872723938,0.0,1.0,0.22282246041742942,0.7747395833333334,GOOD
0.3268571492075103,0.068218033961087,0.06086447245796122,-0.0001501843941475784,1.000098696548693,0.0,1.0,0.22423535685443488,0.7747395833333334,GOOD
0.3472857210329797,0.06641151448028092,0.06085724415090379,-0.00016072809248512726,1.0000921723417482,0.0,1.0,0.21506815873099605,0.7747395833333334,GOOD
0.36771429285844914,0.0682425246137854,0.05140037230628291,-0.00013813050872039993,1.0000854353676019,0.0,1.0,0.19908237959603306,0.7747395833333334,GOOD
0.3881428646839185,0.06401348274303983,0.05018144462255289,-0.0001491753238790696,1.0000844210012105,0.0,1.0,0.19431830247946968,0.7747395833333334,GOOD
0.40857143650938793,0.06531498670508257,0.0345100819357711,-0.00011479080727265697,1.000088407217755,0.0,1.0,0.18324332145865013,0.7747395833333334,GOOD
0.4290000083348573,0.06062240593466775,0.04846622351956747,-0.00011920069351142519,1.0000962617461735,0.0,1.0,0.17411955793379044,0.7747395833333334,GOOD
0.4494285801603267,0.056644621077740306,0.05629036083318678,-0.0001286869370517151,1.000105680779585,0.0,1.0,0.16452691522891574,0.7747395833333334,GOOD
0.4698571519857961,0.05563395616828447,0.06069739947770861,-0.00014481895101746875,1.0001062893494777,0.0,1.0,0.15947498809158886,0.7747395833333334,GOOD
0.4902857238112655,0.06129886392712712,0.05382680238515267,-0.00011225311762047536,1.0000918292740244,0.0,1.0,0.17295762361799785,0.7747395833333334,GOOD
0.5107142956367349,0.058285753882025525,0.057974907730861,-0.00010476236755348156,1.0001113962988784,0.0,1.0,0.16111961406363842,0.7747395833333334,GOOD
0.5311428674622043,0.06471648910941223,0.054912156953640996,-0.00012424714160160977,1.0000944977389477,0.0,1.0,0.16942738865508367,0.7747395833333334,GOOD
0.5515714392876737,0.07209053351431695,0.051015070438411386,-0.00012776956744387568,1.0000900479783013,0.0,1.0,0.16263160874385266,0.7747395833333334,GOOD
0.572000011113143,0.07628068811094181,0.047027902010447306,-0.00011522856155454715,1.0000975942644315,0.0,1.0,0.1538678911017987,0.7747395833333334,GOOD
0.5924285829386124,0.08083593311207174,0.0412005587265764,-0.00010552166926484528,1.000126091528764,0.0,1.0,0.1629973682442749,0.7747395833333334,GOOD
0.6128571547640819,0.061090082980256734,0.03243410241603863,-9.760762554604487e-05,1.0001926992181205,0.0,1.0,0.1724163989507068,0.7747395833333334,GOOD
0.6332857265895513,0.049552167193167865,0.06530993296925416,-0.0001822638907025005,1.0001948246370853,0.0,1.0,0.20241297719844537,0.7747395833333334,GOOD
0.6537142984150206,0.06897336274363224,0.06116567037426364,-0.0001224543951753354,1.000176503065285,0.0,1.0,0.20495313897723644,0.7747395833333334,GOOD
0.67414287024049,0.07463449203820646,0.05519202068788593,-8.638453918135357e-05,1.0001764187833533,0.0,1.0,0.2025544226968398,0.7747395833333334,GOOD
0.6945714420659594,0.079002232331406,0.028704997217232346,-2.119425687924981e-05,1.0001901092371561,0.0,1.0,0.18174499665055444,0.7747395833333334,GOOD
0.7150000138914289,0.11318294766446318,0.010775617176250536,2.973923052543294e-05,1.000144032345925,0.0,1.0,0.1786280149983358,0.7747395833333334,GOOD
0.7354285857168983,0.1057751594554539,0.008113068706801604,3.770756051140542e-05,1.0001427355276857,0.0,1.0,0.17204690763095168,0.7747395833333334,GOOD
0.7558571575423676,0.11628251183768522,0.004842024465212813,7.26776053936753e-05,1.0001290620175105,0.0,1.0,0.179568902785908,0.7747395833333334,GOOD
0.776285729367837,0.10226591494705162,0.008497404212859418,6.193792004724984e-05,1.0001197928077554,0.0,1.0,0.1837328204613589,0.7747395833333334,GOOD
0.7967143011933064,0.10324580058473432,0.008328476538526842,6.977324721402351e-05,1.0000929844005348,0.0,1.0,0.18873419509462763,0.7747395833333334,GOOD
0.8171428730187759,0.09088939266782069,-0.00225987125600869,9.104122915340555e-05,1.000065289966455,0.0,1.0,0.21178439253943773,0.7747395833333334,GOOD
0.8375714448442452,0.06412519530471181,0.016331965575502216,2.9943602753108186e-05,1.0001304984317676,0.0,1.0,0.20851430755601644,0.7747395833333334,GOOD
0.8580000166697146,0.08565655157393665,0.010123666612337837,2.2420406678331366e-05,1.0001164672078986,0.0,1.0,0.19947395181200278,0.7747395833333334,GOOD
0.878428588495184,0.09649110091103,0.0003838053507822445,3.3759244847549055e-05,1.000095195328555,0.0,1.0,0.2008328128618728,0.7747395833333334,GOOD
0.8988571603206534,0.10470579511237718,-0.008777343456210895,4.095743593852612e-05,1.0001017342409102,0.0,1.0,0.20572412080075717,0.7747395833333334,GOOD
0.9192857321461227,0.1027206197688659,-0.011341590992350013,1.5512311435542987e-05,1.0001240757227912,0.0,1.0,0.21503526495870173,0.7747395833333334,GOOD
0.9397143039715922,0.09058338788352782,0.02686324644135865,-6.210723902618962e-05,1.0001161816365185,0.0,1.0,0.23201368175045245,0.7747395833333334,GOOD
0.9601428757970616,0.07296618564730696,0.02859731495260365,-4.815894810921495e-05,1.0001088931765931,0.0,1.0,0.21797551476913804,0.7747395833333334,GOOD
0.980571447622531,0.07216717207922645,0.10531896326865432,-4.82778318185239e-05,1.0000534841456536,0.0,1.0,0.26389095274939584,0.7747395833333334,GOOD
1.0010000194480004,0.10181144223919511,0.12265662648631495,-5.067446027402684e-05,1.000043615038171,0.0,1.0,0.2635007595263548,0.7747395833333334,GOOD
1.0214285912734697,0.1294480035181243,0.12536649510306205,-4.505772797303404e-05,0.9999865529369601,0.0,1.0,0.2624690289668704,0.7747395833333334,GOOD
1.0418571630989393,0.13715167221461944,0.1297417282726344,-9.073110189467992e-05,0.9999888398784982,0.0,1.0,0.2563604139748306,0.7747395833333334,GOOD
1.0622857349244086,0.13587460802480125,0.14158412770927808,-9.920633457820016e-05,0.9999532188105336,0.0,1.0,0.25845935728992103,0.7747395833333334,GOOD
1.082714306749878,0.15812099227589116,0.12305884640804764,-1.9629590486990567e-05,0.9998979165794346,0.0,1.0,0.2605014872493772,0.7747395833333334,GOOD
1.1031428785753474,0.15758704124737122,0.1454002239509087,-7.275761862555857e-05,0.99989979650347,0.0,1.0,0.2667834329033831,0.7747395833333334,GOOD
1.1235714504008167,0.1337971357707479,0.16064077715676958,-0.00010026644573703531,0.9998965905114614,0.0,1.0,0.26620088708112666,0.7747395833333334,GOOD
1.144000022226286,0.11700459305001426,0.1686880921284976,-0.00012481231563713706,0.9999175161746884,0.0,1.0,0.26615549216942536,0.7747395833333334,GOOD
1.1644285940517556,0.1348399246596552,0.17228670826452663,-8.356025326531668e-05,0.9999344416984757,0.0,1.0,0.2653371009082553,0.7747395833333334,GOOD
1.184857165877225,0.14758365149763958,0.15459623018725688,-4.37689154820921e-05,0.9999115022133708,0.0,1.0,0.27146091648085097,0.7747395833333334,GOOD
1.2052857377026944,0.16663279656682828,0.07993801198932964,8.616194287948546e-05,0.9999026786368231,0.0,1.0,0.2636052564316125,0.7747395833333334,GOOD
1.2257143095281637,0.16335330464233142,0.06969855400514177,9.921428591997708e-05,0.999928118770377,0.0,1.0,0.26064882514524246,0.7747395833333334,GOOD
1.246142881353633,0.1536417988009272,0.09645825740795487,5.466637984443065e-05,0.9999012702312529,0.0,1.0,0.26393348274065753,0.7747395833333334,GOOD
1.2665714531791026,0.15562299359419232,0.10607599653797535,1.618372801689588e-05,0.9998824131717569,0.0,1.0,0.26752151276489794,0.7747395833333334,GOOD
1.287000025004572,0.1451354930656339,0.13300626565912402,-5.300395326367692e-05,0.9998780792815783,0.0,1.0,0.2758475242565993,0.7747395833333334,GOOD
1.3074285968300412,0.09591874518309895,0.11498514706639078,-0.00011655338197263287,1.0000360724720163,0.0,1.0,0.28312031200759985,0.7747395833333334,GOOD
1.3278571686555107,0.12417574883195538,0.1005339340428522,-7.633210661253953e-05,0.9999526457232082,0.0,1.0,0.263435493781185,0.7747395833333334,GOOD
1.34828574048098,0.13642957568176067,0.11484189196006471,-0.00010775581320185357,0.9999082783423747,0.0,1.0,0.26444218066848346,0.7747395833333334,GOOD
1.3687143123064496,0.15803177935312132,0.09722177659544176,-7.408027585783306e-05,0.9998569698533488,0.0,1.0,0.26269899268007474,0.7747395833333334,GOOD
1.3891428841319189,0.15426487344124387,0.0975702092980644,-8.132500112184108e-05,0.9998697951398116,0.0,1.0,0.2693188732315804,0.7747395833333334,GOOD
1.4095714559573882,0.17897856448238295,0.07816486518034635,-1.857542696756896e-05,0.9998722568219789,0.0,1.0,0.27540789944624144,0.7747395833333334,GOOD
1.4300000277828577,0.1760558955243644,0.0673584398546204,1.4931089423347543e-05,0.9998723422675118,0.0,1.0,0.2866448705841583,0.7747395833333334,GOOD
1.450428599608327,0.1917809485040409,0.059727073930817956,8.171504858075752e-06,0.9998163052765825,0.0,1.0,0.29188208624613066,0.7747395833333334,GOOD
1.4708571714337966,0.17447972437190407,0.043240911246684575,7.659075243547908e-06,0.9998996925741194,0.0,1.0,0.29048130786311444,0.7747395833333334,GOOD
1.4912857432592659,0.1707131440315157,0.10180252685070205,-6.568203006188108e-05,0.9999105775394069,0.0,1.0,0.2783321323556595,0.7747395833333334,GOOD
1.5117143150847352,0.18043084562127112,0.09793610298944158,-2.3129263503005973e-05,0.9998777894951918,0.0,1.0,0.27674456997543084,0.7747395833333334,GOOD
1.5321428869102047,0.19147048566434885,0.11927283590575886,-3.623500745761098e-05,0.9998441327720444,0.0,1.0,0.2772277051047374,0.7747395833333334,GOOD
1.552571458735674,0.20323933907497416,0.1160793072609786,-3.331224594087753e-05,0.9998101044477713,0.0,1.0,0.2779997536483502,0.7747395833333334,GOOD
1.5730000305611433,0.2017431368721786,0.09139073604469519,-1.317573384544961e-06,0.9998238134306321,0.0,1.0,0.2730562504861361,0.7747395833333334,GOOD
1.5934286023866129,0.20164194067282099,0.07871624234569355,4.039584652995532e-05,0.9998640805794782,0.0,1.0,0.2696940905707338,0.7747395833333334,GOOD
1.6138571742120822,0.19911367885008274,0.09153989782226613,1.6114190753850902e-05,0.9998739041900463,0.0,1.0,0.2696134667568797,0.7747395833333334,GOOD
1.6342857460375517,0.14871680738490772,0.08199629748263931,4.876618088562093e-06,0.9999104768469275,0.0,1.0,0.2603650947492537,0.7747395833333334,GOOD
1.654714317863021,0.14641711363449078,0.08185598869892537,2.268472701056113e-06,0.9999334118740266,0.0,1.0,0.2527171963070058,0.7747395833333334,GOOD
1.6751428896884903,0.13590250764078593,0.1111160338233604,-2.8340437769176127e-05,0.9999492819824213,0.0,1.0,0.2516878309318248,0.7747395833333334,GOOD
1.6955714615139599,0.14318561878765598,0.09915187430169956,-3.4205961734129965e-05,0.9999303076912136,0.0,1.0,0.2559354291895449,0.7747395833333334,GOOD
1.7160000333394292,0.1477514891130304,0.10379477641242409,-2.9055511561869846e-05,0.9998798379428742,0.0,1.0,0.24993898433120007,0.7747395833333334,GOOD
1.7364286051648987,0.16537530190517744,0.0794851012662496,3.482331247530378e-05,0.9998610716879738,0.0,1.0,0.24328399074265117,0.7747395833333334,GOOD
1.756857176990368,0.1875729679669255,0.06760627060508814,0.000122240912993601,0.9998344016888732,0.0,1.0,0.2372346090395139,0.7747395833333334,GOOD
1.7772857488158373,0.16681260268246773,0.10425166769007455,6.599930939258558e-05,0.9998263077256173,0.0,1.0,0.24082352766527934,0.7747395833333334,GOOD
1.7977143206413069,0.1401834968993893,0.08148882039095896,8.24771513994422e-05,0.9998600531884115,0.0,1.0,0.24706868393020212,0.7747395833333334,GOOD
1.8181428924667762,0.13954210911784745,0.11049396144254567,6.117626262920053e-05,0.999874058240401,0.0,1.0,0.2391641849204307,0.7747395833333334,GOOD
1.8385714642922455,0.15255575248288383,0.13319454635089403,2.7520146477858794e-05,0.999821910297633,0.0,1.0,0.23742595405102854,0.7747395833333334,GOOD
1.859000036117715,0.16354768815257686,0.12602888381974534,1.491424291574944e-05,0.9997758813168579,0.0,1.0,0.23826695279175206,0.7747395833333334,GOOD
1.8794286079431843,0.18010586389786398,0.1313984324662299,-7.745280976438267e-06,0.9997385843322714,0.0,1.0,0.23794953711394748,0.7747395833333334,GOOD
1.8998571797686539,0.16035525098341932,0.12328370423972192,2.4937815530825988e-05,0.9998158895606207,0.0,1.0,0.24312454360365873,0.7747395833333334,GOOD
1.9202857515941232,0.18587958029457327,0.1373589649124543,4.54507692111982e-05,0.9997938583369171,0.0,1.0,0.24771756124664468,0.7747395833333334,GOOD
1.9407143234195925,0.18189194961419003,0.14006593973098808,3.6275051289880235e-05,0.9997515348784077,0.0,1.0,0.2345966699137241,0.7747395833333334,GOOD
1.961142895245062,0.10933913442649301,0.06895061415042564,-0.00011357132920435799,1.0000962005238667,0.0,1.0,0.2998276734843007,0.7747395833333334,GOOD
1.9815714670705313,0.10752023303966995,0.0746149357434095,-0.0001584770878931955,1.0001356823640462,0.0,1.0,0.2957810656223777,0.7747395833333334,GOOD
2.002000038896001,0.12899099854480936,0.07636181371205619,-0.00014580625283092024,1.0000913697574065,0.0,1.0,0.2937476953344528,0.7747395833333334,GOOD
2.02242861072147,0.13497468451656858,0.07237526055217727,-0.00016241576006319666,1.000039910784381,0.0,1.0,0.2905724727349208,0.7747395833333334,GOOD
2.0428571825469395,0.1547725049513473,0.03948241224242477,-9.945816995450003e-05,1.000033266183672,0.0,1.0,0.28236095159477054,0.7747395833333334,GOOD
2.063285754372409,0.15160077480073791,0.061222208206653146,-9.508075897131465e-05,1.000089450395984,0.0,1.0,0.2738200885721098,0.7747395833333334,GOOD
2.0837143261978786,0.16084458384107578,0.04442932612675612,-7.688067657857308e-05,1.0000416408397752,0.0,1.0,0.27363260410936985,0.7747395833333334,GOOD
2.1041428980233476,0.14307078539652715,0.07173962668260836,-0.00011414843775870203,1.0000020615188405,0.0,1.0,0.2709522696371076,0.7747395833333334,GOOD
2.124571469848817,0.1475634311669695,0.03333700616224982,-1.320712584616704e-05,1.0000285564016076,0.0,1.0,0.3042383419929919,0.7747395833333334,GOOD
2.1450000416742867,0.14106232893422546,0.03230138358632478,-6.441554230353743e-05,1.0000701555658855,0.0,1.0,0.28962335662256794,0.7747395833333334,GOOD
2.165428613499756,0.16024053112733938,0.05728524674908543,-9.137235028502059e-05,0.9999734772023581,0.0,1.0,0.28155870644093667,0.7747395833333334,GOOD
2.1858571853252253,0.15755680426102528,0.058532545249913935,-0.00013008944799826848,0.999963038754988,0.0,1.0,0.27868296135464143,0.7747395833333334,GOOD
2.206285757150695,0.1405843555732416,0.06535379729821887,-0.00013013861577205343,0.9999648924951797,0.0,1.0,0.27915715356886245,0.7747395833333334,GOOD
2.226714328976164,0.1320684116572972,0.08194277088030882,-0.00016930533743948498,1.0000357965601947,0.0,1.0,0.2747420149797643,0.7747395833333334,GOOD
2.2471429008016335,0.14427648554518066,0.07506327326996984,-0.0001709128654772707,1.0000418753907698,0.0,1.0,0.267498450021897,0.7747395833333334,GOOD
2.267571472627103,0.1364467039232424,0.062058327901669055,-0.00015125702091960296,1.000070022551265,0.0,1.0,0.2605603159271006,0.7747395833333334,GOOD
2.288000044452572,0.1096504281559213,0.09438746854429704,-0.00024250794962112928,1.0000252790424347,0.0,1.0,0.28474219150893676,0.7747395833333334,GOOD
2.3084286162780416,0.11853629800842184,0.0930599152565594,-0.00019574772965737076,1.000048941256474,0.0,1.0,0.259086546380012,0.7747395833333334,GOOD
2.328857188103511,0.12295836555899042,0.0980976089852862,-0.00019543694937895173,1.0000064208642945,0.0,1.0,0.25400030357736403,0.7747395833333334,GOOD
2.3492857599289803,0.1514759975695486,0.1224297620766779,-0.00022027363230536881,0.999951043214186,0.0,1.0,0.25597762298701404,0.7747395833333334,GOOD
2.36971433175445,0.15748011666271558,0.10055007378860768,-0.00020595164020905751,0.9999142541205701,0.0,1.0,0.25543723853178696,0.7747395833333334,GOOD
2.3901429035799193,0.1632394182858457,0.09698173711454246,-0.00017286557487370587,0.9998924364476764,0.0,1.0,0.2559257504434745,0.7747395833333334,GOOD
2.410571475405389,0.16083481793253296,0.09146356078133444,-0.0001773155994919778,0.9998442824183732,0.0,1.0,0.25828747448935163,0.7747395833333334,GOOD
2.431000047230858,0.16447809030989094,0.07794570656461416,-0.0002130556074304385,0.9998381263190766,0.0,1.0,0.2556094706641839,0.7747395833333334,GOOD
2.4514286190563275,0.15784743574946622,0.0792161858807779,-0.00021075391341388315,0.9998338445426461,0.0,1.0,0.2701518986421556,0.7747395833333334,GOOD
2.471857190881797,0.1558520361233049,0.10865406853654372,-0.0002712400899534148,0.9998743053395266,0.0,1.0,0.28265881897419276,0.7747395833333334,GOOD
2.492285762707266,0.17161987208207988,0.09448814652498463,-0.00023697314483963453,0.9998401269558602,0.0,1.0,0.2932502484174488,0.7747395833333334,GOOD
2.5127143345327356,0.18197192528458098,0.10538039366161506,-0.00023461486067523894,0.9998270223365319,0.0,1.0,0.30212739781874937,0.7747395833333334,GOOD
2.533142906358205,0.1837871336296698,0.08831904454860677,-0.00019787672380104627,0.9998179030811456,0.0,1.0,0.30177439407907913,0.7747395833333334,GOOD
2.5535714781836742,0.1979438925324974,0.06742180349049981,-0.0001415474106796995,0.9998160494243342,0.0,1.0,0.2983487788380073,0.7747395833333334,GOOD
2.574000050009144,0.1891216263734813,0.05219550518954302,-0.00012742812946382162,0.9998668510458074,0.0,1.0,0.2914989567779563,0.7747395833333334,GOOD
2.5944286218346133,0.143151234444297,0.05502716030009624,-0.00011535520766073013,0.9998953064559845,0.0,1.0,0.28624986383832,0.7747395833333334,GOOD
2.6148571936600824,0.11994071615467286,0.030602784834387553,-0.00010123616312652911,0.999912048370919,0.0,1.0,0.2978561439916306,0.7747395833333334,GOOD
2.635285765485552,0.13479203240973361,0.04799833863969919,-0.00010708038732346578,0.999924491810274,0.0,1.0,0.28966369212939536,0.7747395833333334,GOOD
2.6557143373110215,0.1473760086245576,0.06676106720522404,-0.00012256462029772651,0.9999274854398162,0.0,1.0,0.2861183430625776,0.7747395833333334,GOOD
2.676142909136491,0.1453687488235461,0.047098714065488684,-8.773898077851743e-05,0.9999291133488657,0.0,1.0,0.2802534894970695,0.7747395833333334,GOOD
2.69657148096196,0.14380004786796874,0.02344154328756911,-6.622028649687093e-05,0.9999319944710846,0.0,1.0,0.27849164743147065,0.7747395833333334,GOOD
2.7170000527874296,0.14916273300803393,0.03421675940987918,-5.778306167319219e-05,0.9998969078885016,0.0,1.0,0.27515275609577167,0.7747395833333334,GOOD
2.737428624612899,0.17391506621444403,0.022698823981912364,-6.01773252336496e-05,0.9998579417920407,0.0,1.0,0.27854003959746243,0.7747395833333334,GOOD
2.7578571964383682,0.19916765727196042,0.033460172755486156,-8.024654235337848e-05,0.9997909203729684,0.0,1.0,0.2841394856624685,0.7747395833333334,GOOD
2.7782857682638378,0.17668535716583528,0.004159118053174787,-1.5046948818397e-05,0.9998253546849177,0.0,1.0,0.27730935499991755,0.7747395833333334,GOOD
2.7987143400893073,0.18035031693506193,0.02263518887900319,-4.841797312563961e-05,0.9998254067692897,0.0,1.0,0.264914525622374,0.7747395833333334,GOOD
2.8191429119147764,0.18335135859723822,0.050860064780196314,-0.0001107430229944023,0.9997845020295185,0.0,1.0,0.255941706710371,0.7747395833333334,GOOD
2.839571483740246,0.1952706628693895,0.03543957077177741,-7.71123864731672e-05,0.9997493701835519,0.0,1.0,0.24686040455237884,0.7747395833333334,GOOD
2.8600000555657155,0.20835720552214124,0.024381808671452176,-2.508441183490407e-05,0.9997626633171556,0.0,1.0,0.23568347004137166,0.7747395833333334,GOOD
2.8804286273911845,0.20966600600702856,0.003216927287353996,-1.6001255356022072e-05,0.9997530035441783,0.0,1.0,0.22006514772646235,0.7747395833333334,GOOD
2.900857199216654,0.18943031858613835,-0.0010465561721186012,9.710002412847324e-06,0.9998148466668538,0.0,1.0,0.20778023467531642,0.7747395833333334,GOOD
2.9212857710421236,0.1860370158482754,0.0076790975554583835,1.1289235330798424e-05,0.9998194559692776,0.0,1.0,0.20226170707019445,0.7747395833333334,GOOD
2.941714342867593,0.1896013634215477,0.001968537600839995,-3.656799277233375e-06,0.9999294900593649,0.0,1.0,0.24179964780414478,0.7747395833333334,GOOD
2.9621429146930622,0.21124151896885973,0.005248330207646687,4.017145254824051e-05,0.9999139753713105,0.0,1.0,0.2156970074591456,0.7747395833333334,GOOD
2.9825714865185318,0.2159383044367844,-0.02073795868728373,5.806394664042982e-05,0.9998831548487693,0.0,1.0,0.21179841123913126,0.7747395833333334,GOOD
3.0030000583440013,0.2245382872823969,-0.02139552228743989,3.07408372745906e-05,0.9998935714175049,0.0,1.0,0.21171773860682647,0.7747395833333334,GOOD
3.0234286301694704,0.2116677067400403,0.0058881255416097095,-2.7231277275143527e-05,0.9999383238963393,0.0,1.0,0.2144689074994447,0.7747395833333334,GOOD
3.04385720199494,0.20382068717876595,0.004909354438542318,-4.996080387682718e-05,0.9999206504240293,0.0,1.0,0.21612600376500346,0.7747395833333334,GOOD
3.0642857738204095,0.17260920223597712,0.006092600727694672,-5.6449391853695794e-05,0.9999938415252381,0.0,1.0,0.22086477525014092,0.7747395833333334,GOOD
3.0847143456458785,0.17216532608219345,0.033812390168862366,-9.788272703523687e-05,0.9999561775302777,0.0,1.0,0.22911654651974153,0.7747395833333334,GOOD
3.105142917471348,0.11319136483712247,0.006846185799935289,-5.9822927147203355e-05,1.0001076669311308,0.0,1.0,0.22324916494680955,0.7747395833333334,GOOD
3.1255714892968176,0.11560199329876875,0.014367368207902423,-6.330714115527594e-05,1.0001314673407633,0.0,1.0,0.22426675645829433,0.7747395833333334,GOOD
3.1460000611222867,0.11166758254369308,0.027721066084473646,-0.00012074830073323965,1.0001153370506664,0.0,1.0,0.22159608216990187,0.7747395833333334,GOOD
3.1664286329477562,0.11841971411534843,0.03775651152075758,-0.00014226329468026335,1.0000958348679867,0.0,1.0,0.22563171738927496,0.7747395833333334,GOOD
3.1868572047732258,0.13029072143599083,-0.012358110175082641,-3.220034773459525e-05,1.000077845896932,0.0,1.0,0.22170128292142807,0.7747395833333334,GOOD
3.2072857765986953,0.1413587196290964,0.00700523316190621,-1.6255423125186038e-05,1.000062250673875,0.0,1.0,0.22456458637852836,0.7747395833333334,GOOD
3.2277143484241644,0.15084314307312857,0.004341327729537797,-4.629265096246224e-05,1.0000261501346015,0.0,1.0,0.23047753773075366,0.7747395833333334,GOOD
3.248142920249634,0.14288373882756858,0.006548410773269356,-6.242539409340597e-05,1.0000230546351394,0.0,1.0,0.22483749005336523,0.7747395833333334,GOOD
3.2685714920751034,0.13729057510493878,0.02693978151384538,-6.930233193949913e-05,0.999992317820999,0.0,1.0,0.26086019533423876,0.7747395833333334,GOOD
3.2890000639005725,0.1335612689541616,0.00907550232846191,-4.568933010278808e-05,1.0000559570079022,0.0,1.0,0.24844121845345216,0.7747395833333334,GOOD
3.309428635726042,0.13596412725826446,0.0232182647591929,-6.871472267483586e-05,1.000046896010955,0.0,1.0,0.23811008061555428,0.7747395833333334,GOOD
3.3298572075515116,0.1437381768511965,0.04866471927747423,-9.644858012789219e-05,1.0000459073805044,0.0,1.0,0.23896843522370517,0.7747395833333334,GOOD
3.3502857793769807,0.15399846980550197,0.04642522933250278,-5.069323277288131e-05,1.0000151860923752,0.0,1.0,0.23522617504105917,0.7747395833333334,GOOD
3.37071435120245,0.15081377267153145,0.019333040646582596,7.581138466951773e-05,1.0000511435547288,0.0,1.0,0.2353830039813849,0.7747395833333334,GOOD
3.3911429230279198,0.15439492844701938,0.023593796914715102,5.7230414178586494e-05,1.0000393822797509,0.0,1.0,0.23489904644949364,0.7747395833333334,GOOD
3.411571494853389,0.14339947432682973,0.03183208412701662,2.3895436750545737e-05,1.0000076707540397,0.0,1.0,0.22150873398194454,0.7747395833333334,GOOD
3.4320000666788584,0.11614414409813958,0.021108115124062306,9.629928435535649e-05,1.0000235225461183,0.0,1.0,0.22951387575596693,0.7747395833333334,GOOD
3.452428638504328,0.12206872735451998,0.03746493163894638,6.943240312180878e-05,1.000034244126042,0.0,1.0,0.22581133331793654,0.7747395833333334,GOOD
3.4728572103297974,0.15203453585674825,0.06748627129669298,5.488565344356531e-05,0.9999434813433545,0.0,1.0,0.22946573409108148,0.7747395833333334,GOOD
3.4932857821552665,0.1794572684766938,0.06373914003459585,9.187596429669303e-05,0.9998637466814657,0.0,1.0,0.22147538861843333,0.7747395833333334,GOOD
3.513714353980736,0.19422122590425722,0.07945946770049243,9.600853711911102e-05,0.9998857266767847,0.0,1.0,0.22364637944031707,0.7747395833333334,GOOD
3.5341429258062056,0.20119489747499286,0.06342834692177518,6.380645313212383e-05,0.9998476897501807,0.0,1.0,0.22412685551011707,0.7747395833333334,GOOD
3.5545714976316747,0.17936060685667365,0.08402373548331032,2.1588494740587013e-05,0.9998734212207916,0.0,1.0,0.2315253235712302,0.7747395833333334,GOOD
3.575000069457144,0.1843390123813108,0.0994631697357937,-2.0692295030630214e-05,0.9998714415293282,0.0,1.0,0.23973266861028636,0.7747395833333334,GOOD
3.5954286412826137,0.16065603529188544,0.07446462003619855,-2.7972005569060826e-05,0.9999106109721815,0.0,1.0,0.2411044474402129,0.7747395833333334,GOOD
3.615857213108083,0.15550924215901246,0.060475772268278036,-4.193460459853718e-06,0.9999776495338735,0.0,1.0,0.23764260364104056,0.7747395833333334,GOOD
3.6362857849335524,0.17669343333083956,0.0473946110480576,2.508002215539574e-05,0.9999387735593313,0.0,1.0,0.23117766753508928,0.7747395833333334,GOOD
3.656714356759022,0.1933757780572147,0.03198839414452734,1.85594023728752e-05,0.999933038378741,0.0,1.0,0.22871636876720788,0.7747395833333334,GOOD
3.677142928584491,0.20627180524015148,0.023813714601570668,7.704949995860883e-05,0.9999139272548382,0.0,1.0,0.2229592432667038,0.7747395833333334,GOOD
3.6975715004099605,0.19314041633759946,0.03669186583268447,2.9765089803685908e-05,0.9999230469164994,0.0,1.0,0.217779194902436,0.7747395833333334,GOOD
3.71800007223543,0.20746550185552642,0.04187614979115829,2.8915947188473217e-05,0.9999196115229161,0.0,1.0,0.22003594132611354,0.7747395833333334,GOOD
3.738428644060899,0.19408381684763965,0.05099095574725633,-1.1506293986575006e-05,0.9999311231372261,0.0,1.0,0.2233417003532982,0.7747395833333334,GOOD
3.7588572158863687,0.1604454352512573,0.056700725529786805,3.102172019206573e-05,0.9999091571841852,0.0,1.0,0.23774507725197955,0.7747395833333334,GOOD
3.779285787711838,0.1488385591022473,0.1019916526004492,-5.052212142031744e-05,0.9999450211896124,0.0,1.0,0.2220634830932242,0.7747395833333334,GOOD
3.7997143595373077,0.1508818039482071,0.116817049313488,-6.800854001204585e-05,0.9999216971955147,0.0,1.0,0.21691795135228192,0.7747395833333334,GOOD
3.820142931362777,0.16270298029994143,0.11596155267520736,-7.241681354729884e-05,0.9998401320270114,0.0,1.0,0.2156108319096951,0.7747395833333334,GOOD
3.8405715031882464,0.18363432584943282,0.1421835246222388,-0.00010572486303482182,0.9997798335109527,0.0,1.0,0.21158362739398862,0.7747395833333334,GOOD
3.861000075013716,0.18889660442929906,0.12525533237096348,-0.00010485577494242563,0.9997799209056839,0.0,1.0,0.2055831660223514,0.7747395833333334,GOOD
3.881428646839185,0.17779043998327965,0.10849999802051265,-8.053977781373272e-05,0.9998368124419467,0.0,1.0,0.18834803836052028,0.7747395833333334,GOOD
3.9018572186646545,0.159987814935844,0.10844682113135093,-0.0001345386675654066,0.999843204042237,0.0,1.0,0.18103847281881916,0.7747395833333334,GOOD
3.922285790490124,0.11961481567722412,0.09456658567411218,0.00010973549577039871,1.000173396474086,0.0,1.0,0.2271721125030066,0.7747395833333334,GOOD
3.942714362315593,0.13889353970755752,0.06557675186557307,7.789883634360074e-05,1.0002464150525037,0.0,1.0,0.20870614574383886,0.7747395833333334,GOOD
3.9631429341410627,0.16366824990841797,0.11470688047634259,4.701620239524268e-05,1.0001721533946337,0.0,1.0,0.19843326884841458,0.7747395833333334,GOOD
3.983571505966532,0.1591531167977409,0.07242997885449644,0.00012402597544672564,1.0001582503868005,0.0,1.0,0.20520222080426942,0.7747395833333334,GOOD
4.004000077792002,0.15309236495521716,0.05995295159831156,0.00010745206638432836,1.0001092788626862,0.0,1.0,0.21561559522257293,0.7747395833333334,GOOD
4.024428649617471,0.13219937934061782,0.05346352893425648,8.321752818196092e-05,1.0001164349767162,0.0,1.0,0.22587108334455427,0.7747395833333334,GOOD
4.04485722144294,0.11470274115134774,0.038500573790504214,9.396265080703926e-05,1.0001928624820788,0.0,1.0,0.23531647193086846,0.7747395833333334,GOOD
4.065285793268409,0.11422608732181702,0.03862434936764348,5.888272111745773e-05,1.000157318561661,0.0,1.0,0.24274051255568702,0.7747395833333334,GOOD
4.085714365093879,0.07310203057094362,0.03237391320059574,3.2848972353919924e-05,1.0001392345490328,0.0,1.0,0.2531535221908958,0.7747395833333334,GOOD
4.1061429369193485,0.1043277432677639,0.019413749981380506,5.3147869784964895e-05,1.0001102657659167,0.0,1.0,0.24157607522445942,0.7747395833333334,GOOD
4.126571508744818,0.1201558336551091,0.04287259838674663,3.599312232564569e-05,1.0000239363909704,0.0,1.0,0.2377355745919394,0.7747395833333334,GOOD
4.147000080570288,0.1187575174269315,0.03130441601036933,4.793031039230632e-05,1.0000470126508814,0.0,1.0,0.2361091856377187,0.7747395833333334,GOOD
4.167428652395757,0.11028568336860502,0.05785625009941364,-4.0734039176689535e-07,1.0000738109883518,0.0,1.0,0.23247648831011516,0.7747395833333334,GOOD
4.187857224221226,0.11130274837710508,0.05571761500668154,-1.2051887388054516e-05,1.0001015906208621,0.0,1.0,0.22328975704286827,0.7747395833333334,GOOD
4.208285796046695,0.0959094933763963,0.07063933079419038,-6.202706697113554e-05,1.0000758535520295,0.0,1.0,0.2238536914313233,0.7747395833333334,GOOD
4.228714367872165,0.09198108473485173,0.09817316230227988,-0.000141055049959587,1.0001162276308841,0.0,1.0,0.23103542778546068,0.7747395833333334,GOOD
4.249142939697634,0.06554091273879799,0.09847293955796578,-0.00010672400213303843,1.0001128892215523,0.0,1.0,0.2534969488863219,0.7747395833333334,GOOD
4.269571511523104,0.06396252825298772,0.10392474665458726,-0.0001294806463234048,1.000146567556312,0.0,1.0,0.24534049582915207,0.7747395833333334,GOOD
4.290000083348573,0.08045932134605746,0.10465712383711126,-0.00014833379012073062,1.0001108274551047,0.0,1.0,0.2495833792391703,0.7747395833333334,GOOD
4.310428655174042,0.08222771404015079,0.085682049059016,-9.045272699237584e-05,1.0000774907465075,0.0,1.0,0.2444221503275205,0.7747395833333334,GOOD
4.330857226999512,0.09396604166813884,0.061510759994045865,-7.32736161998366e-05,1.0000790744267989,0.0,1.0,0.24855309598591382,0.7747395833333334,GOOD
4.351285798824981,0.11292644856930106,0.05165585261818667,-5.822665677771978e-06,1.0000396673613727,0.0,1.0,0.24370799877282542,0.7747395833333334,GOOD
4.371714370650451,0.11995047998339449,0.06743557593493857,-3.7228514625469934e-05,1.0000605666601448,0.0,1.0,0.24655404129852304,0.7747395833333334,GOOD
4.39214294247592,0.12701096424511302,0.07296420363736388,-4.3302320116697384e-05,1.0000349212119266,0.0,1.0,0.24954397766816733,0.7747395833333334,GOOD
4.41257151430139,0.11723631365827186,0.01797412315487481,4.580682652337809e-05,1.0000378055090686,0.0,1.0,0.25749753904087586,0.7747395833333334,GOOD
4.433000086126858,0.13623388626124652,0.015981143568214715,6.285098885370864e-05,1.0000547215960434,0.0,1.0,0.24734212369712436,0.7747395833333334,GOOD
4.453428657952328,0.14637236912102658,0.021680767895304077,7.41275857730784e-05,1.0000197532305692,0.0,1.0,0.2477593830143742,0.7747395833333334,GOOD
4.473857229777797,0.16463748592177052,0.04174644671053514,3.32966144919433e-05,0.9999644917883445,0.0,1.0,0.2633806343653783,0.7747395833333334,GOOD
4.494285801603267,0.1670196286518941,0.05073488647215241,2.589708409028072e-05,0.9999592108104537,0.0,1.0,0.2712262664584597,0.7747395833333334,GOOD
4.5147143734287365,0.15505402095408347,0.041294092399996596,5.164951461167217e-05,0.9999681175683961,0.0,1.0,0.2710288174037393,0.7747395833333334,GOOD
4.535142945254206,0.1510888147720959,0.02680231856428853,6.951898150454803e-05,0.9999851203987915,0.0,1.0,0.268595138964784,0.7747395833333334,GOOD
4.555571517079676,0.1446909990292812,0.02236706861516196,0.00011580337063936747,1.0000250716903554,0.0,1.0,0.26265911718893753,0.7747395833333334,GOOD
4.576000088905144,0.10700273852906476,-0.016428492603237053,0.0001523652937551704,1.0001301643247738,0.0,1.0,0.2664452221406317,0.7747395833333334,GOOD
4.596428660730614,0.12274503691506755,-0.03456226004117528,0.00015342863934003891,1.00018781557209,0.0,1.0,0.25679109191536187,0.7747395833333334,GOOD
4.616857232556083,0.11965685533755394,-0.02999129488057304,0.00014267561858737345,1.0001937083654822,0.0,1.0,0.2411166718905616,0.7747395833333334,GOOD
4.637285804381553,0.09984500307725319,-0.03520641781828628,0.0001757067191821071,1.0001930830707026,0.0,1.0,0.23140196606957156,0.7747395833333334,GOOD
4.657714376207022,0.1265074438741042,-0.010392048347693097,0.00014591134747826294,1.0001183975671668,0.0,1.0,0.2287380632925991,0.7747395833333334,GOOD
4.678142948032492,0.1541077931576966,-0.0040228355764852924,0.00015253299979558574,1.0000781102415957,0.0,1.0,0.2285687768539553,0.7747395833333334,GOOD
4.6985715198579605,0.1522463000698487,0.004507398144321856,0.00016474591270263333,1.0000898898823167,0.0,1.0,0.22945834417785874,0.7747395833333334,GOOD
4.71900009168343,0.15210084356273082,-0.02565152753307573,0.00019300949790304405,1.0001027733475316,0.0,1.0,0.2284516814589833,0.7747395833333334,GOOD
4.7394286635089,0.10970425907899009,-0.03227981195832074,0.00016079472324034082,1.0001796669819008,0.0,1.0,0.2408405120100549,0.7747395833333334,GOOD
4.759857235334369,0.11385292064810204,-0.009700568201795684,8.880171491810451e-05,1.0001738011007806,0.0,1.0,0.22880012491670026,0.7747395833333334,GOOD
4.780285807159839,0.123382350091686,0.03183347902731749,3.407714373692876e-05,1.0001512913505364,0.0,1.0,0.22228166316102232,0.7747395833333334,GOOD
4.800714378985308,0.13501414933374972,0.04164841701303407,4.8285630342523244e-05,1.0001305870418213,0.0,1.0,0.21386786666683336,0.7747395833333334,GOOD
4.821142950810778,0.12461306259147922,0.020680345014125925,6.450325985018853e-05,1.000144792758172,0.0,1.0,0.20346086718466608,0.7747395833333334,GOOD
4.841571522636246,0.13558365265707692,0.009297294019648794,7.031010750305155e-05,1.0001487490827647,0.0,1.0,0.20016071087645043,0.7747395833333334,GOOD
4.862000094461716,0.14208188480679607,-0.002672818960186077,7.445832991722255e-05,1.0001282843028692,0.0,1.0,0.19745397495496353,0.7747395833333334,GOOD
4.882428666287185,0.13323159900905776,-0.00239585578975679,6.0202617798382944e-05,1.000126755756624,0.0,1.0,0.2037401360628041,0.7747395833333334,GOOD
4.902857238112655,0.1512761384006066,-0.006895304346828321,0.00015372139756571982,1.0000461586539615,0.0,1.0,0.3175058415831506,0.7747395833333334,GOOD
4.9232858099381245,0.15425474919763665,0.04033930826702854,7.472986822978117e-05,0.9999718796555502,0.0,1.0,0.27744331620373797,0.7747395833333334,GOOD
4.943714381763594,0.16684462653960447,0.05534316023090988,6.967403122489498e-05,0.9998841633199331,0.0,1.0,0.2607210695845964,0.7747395833333334,GOOD
4.964142953589063,0.1642026290350852,0.04960695314886847,5.1387053595360003e-05,0.9998623749343948,0.0,1.0,0.2520479761948821,0.7747395833333334,GOOD
4.984571525414532,0.1652009740747188,0.04257902504166601,4.138544386820608e-05,0.9998597880821917,0.0,1.0,0.2510878627105768,0.7747395833333334,GOOD
5.005000097240002,0.15509119355908366,0.05188351713120745,4.053156766789843e-05,0.9998824024377784,0.0,1.0,0.2551725781478703,0.7747395833333334,GOOD
5.025428669065471,0.14121327570509942,0.07649913903916429,2.3177997022032732e-05,0.9998808850240805,0.0,1.0,0.2544994499260506,0.7747395833333334,GOOD
5.045857240890941,0.15769793997854445,0.08008674184035022,-1.0127277868761523e-05,0.999847526296449,0.0,1.0,0.2551329974122313,0.7747395833333334,GOOD
5.06628581271641,0.131303652268053,0.021964717012573007,0.00010772872619899484,0.9999086964273433,0.0,1.0,0.25411732013224536,0.7747395833333334,GOOD
5.08671438454188,0.1720677986877566,0.031856419977984746,0.00011161041455767458,0.999870183242293,0.0,1.0,0.25091757440943385,0.7747395833333334,GOOD
5.1071429563673485,0.1839575924385858,0.042045991699394006,0.00012968757775652336,0.9997857683986803,0.0,1.0,0.2506142231796588,0.7747395833333334,GOOD
5.127571528192818,0.19394419414417066,0.06688476718967815,9.100525147213629e-05,0.9997194695076174,0.0,1.0,0.2615818851880912,0.7747395833333334,GOOD
5.148000100018288,0.2010167833655293,0.057076053351983055,0.00012672831727641865,0.9996977878349613,0.0,1.0,0.2743770309960918,0.7747395833333334,GOOD
5.168428671843757,0.21732979351697213,0.03736322380539571,0.0001784738810168365,0.9996720454184155,0.0,1.0,0.2822060290869602,0.7747395833333334,GOOD
5.188857243669227,0.22083543132369973,0.05946701254353157,0.00016767302087553418,0.9996703716549143,0.0,1.0,0.28897258770390877,0.7747395833333334,GOOD
5.209285815494696,0.2263834653232504,0.06287303163787591,7.487162585118907e-05,0.999658594598056,0.0,1.0,0.3025852471694865,0.7747395833333334,GOOD
5.229714387320165,0.2143364384223516,0.0511451382519279,0.00012684066276238512,0.9997142680049819,0.0,1.0,0.3244511262011493,0.7747395833333334,GOOD
5.250142959145634,0.2139420354565374,0.36760204400542607,4.896392163642181e-05,0.9997348523324342,0.0,1.0,0.3188252740950155,0.7747395833333334,GOOD
5.270571530971104,0.2364974316271562,0.38795916386332585,5.837516108504957e-05,0.9996809224939055,0.0,1.0,0.31888229808274193,0.7747395833333334,GOOD
5.291000102796573,0.214702176646358,0.02738214440532391,2.893427036033347e-05,0.999772540240232,0.0,1.0,0.3312471473412163,0.7747395833333334,GOOD
5.311428674622043,0.22024547482834184,-1.0596497862077734,-1.4641985063042357e-05,0.9996977717268225,0.0,1.0,0.3486686035242932,0.7747395833333334,GOOD
5.3318572464475125,0.237489189834595,-1.0744297069585986,-7.197017961547075e-06,0.9997009735584343,0.0,1.0,0.366149559611243,0.7747395833333334,GOOD
5.352285818272982,0.31936834561385585,0.2903015783784172,0.0002654163642709375,0.9996761211265781,0.0,0.96875,0.25414163016525043,0.7747395833333334,GOOD
5.372714390098451,0.32556705125608787,1.7995728849000754,0.00030029311122194266,0.999443148090046,0.0,0.96875,0.25914706950708716,0.7747395833333334,GOOD
5.39314296192392,0.335588244421146,1.3027971441507322,0.0005943239774642665,0.9995276363123998,0.0,0.96875,0.35238996982127807,0.7747395833333334,GOOD
5.41357153374939,0.2012323707544027,-0.8780878325959972,0.00044906565310250747,0.9997051894044046,0.0,0.96875,0.26881679012109305,0.7747395833333334,GOOD
5.434000105574859,0.09326047160293949,-2.3408137985829094,0.0003117804333454154,0.9999278029609214,0.0,0.96875,0.2620065640487395,0.7747395833333334,GOOD
5.454428677400329,0.19121522706347532,-0.9840984731179694,0.0002144701517717509,0.9997275879578562,0.0,0.96875,0.23847743069887284,0.7747395833333334,GOOD
5.474857249225798,0.2731772499770876,1.6943692596387945,0.0002799159535408571,0.9996995921441639,0.0,0.96875,0.24998851818769913,0.7747395833333334,GOOD
5.495285821051267,0.30995288324785364,2.196778273452039,0.00017931907109196285,0.9995994300608336,0.0,0.96875,0.2780891876644963,0.7747395833333334,GOOD
5.5157143928767365,0.21649544161758044,-0.0034063777852619825,0.00032250192906553365,1.0000194608939312,0.0,0.96875,0.250018462077503,0.7747395833333334,GOOD
5.536142964702206,0.15877664730046082,-2.6159149550973217,0.0005296561565360877,1.0001441010445722,0.0,0.96875,0.28764043567938663,0.7747395833333334,GOOD
5.5565715365276755,0.19128215148354843,-2.344431895104187,0.0003967432036093936,0.9999692508656848,0.0,0.96875,0.3548828093043342,0.7747395833333334,GOOD
5.577000108353145,0.3116264761222956,1.1221772271022656,7.887268652452717e-05,0.9993936680747224,0.0,0.96875,0.2871168992638062,0.7747395833333334,GOOD
5.597428680178615,0.3366624271842429,3.133163096851456,4.981260710061503e-05,0.9995860362942416,0.0,0.96875,0.28223805704736743,0.7747395833333334,GOOD
5.617857252004084,0.3789951182799155,1.7335224063539085,0.0003190337591696393,0.9997752096511309,0.0,0.96875,0.29946892622322224,0.7747395833333334,GOOD
5.638285823829553,0.3494337335943689,-1.8451010917376827,0.00011998305448372717,0.9999681263153676,0.0,1.0,0.410962209866556,0.7747395833333334,GOOD
5.658714395655022,0.2887255844472345,-3.099402397659524,0.00011524181685851031,1.000139396749107,0.0,1.0,0.41888626615018515,0.7747395833333334,GOOD
5.679142967480492,0.26348028447225336,-0.7481184912693691,-4.624513951782187e-05,0.9996812645717503,0.0,1.0,0.3862583044897414,0.7747395833333334,GOOD
5.699571539305961,0.22633801471966253,2.9837987542776556,-0.00022861423175347476,0.9994794920770084,0.0,1.0,0.36582307613570214,0.7747395833333334,GOOD
5.720000111131431,0.19978108635877811,3.116647370873375,-8.130687299827812e-05,0.9994298757124758,0.0,1.0,0.3903199445186863,0.7747395833333334,GOOD
5.7404286829569005,-0.05680100092571083,-0.37547635712388994,-0.00017266003394506897,0.9997831974167308,0.0,1.0,0.3407742034607831,0.7747395833333334,GOOD
5.760857254782369,-0.2427164946447995,-3.2028160055308446,-0.0001756544065529035,1.0001370706423338,0.0,1.0,0.3525433924338198,0.7747395833333334,GOOD
5.781285826607839,-0.018129074839015713,-1.8653103038784673,-0.00020621951980156664,0.9996424033109079,0.0,1.0,0.3237162258224715,0.7747395833333334,GOOD
5.801714398433308,0.2569599475768912,1.4857698120947327,-7.385979497494193e-05,0.9994905188976353,0.0,1.0,0.3384159786289055,0.7747395833333334,GOOD
5.822142970258778,0.5422979672682187,2.0144193127642533,-3.1970919890896475e-05,0.9994185771042926,0.0,1.0,0.38108134150793627,0.7747395833333334,GOOD
5.842571542084247,0.8380417010435071,0.4601432132588436,0.000359266308166806,0.9997397863928759,0.0,1.0,0.38444868471885035,0.7747395833333334,GOOD
5.863000113909717,0.9411614690775458,-1.8734554736346587,0.00020784445766399811,0.9998636353837643,0.0,1.0,0.35501217879748936,0.7747395833333334,GOOD
5.883428685735186,0.6655674467618542,-1.4663805509548038,0.00029038366657364287,1.0002310240698573,0.0,0.96875,0.2905396509541965,0.7747395833333334,GOOD
5.903857257560655,0.3948156962654054,0.9798130034353416,3.0579849391047006e-05,1.0000822233217592,0.0,0.96875,0.23568387042446998,0.7747395833333334,GOOD
5.9242858293861245,0.24774499785530157,1.6194064752903774,-0.00025108532554723306,0.9997652959573828,0.0,1.0,0.35856331468880454,0.7747395833333334,GOOD
5.944714401211594,-0.12480834753116021,0.22219309314742364,-0.0002149810852533657,1.0001931070384313,0.0,1.0,0.35575292709256384,0.7747395833333334,GOOD
5.9651429730370635,-0.31178317870931904,-1.1978393043531645,5.635797624245681e-05,1.0003054362370774,0.0,1.0,0.3698729589512881,0.7747395833333334,GOOD
5.985571544862533,-0.3391097433325811,-1.0527809698721862,0.0001320015491681018,1.0003439476709395,0.0,0.96875,0.24065419519841683,0.7747395833333334,GOOD
6.006000116688003,-0.24864126740123027,0.6453754854893217,-8.748132928480882e-05,1.0001961911061983,0.0,0.96875,0.2503497855225871,0.7747395833333334,GOOD
6.026428688513471,-0.06548293804474925,1.282823643514729,-6.302124161414412e-06,1.0000933186677212,0.0,0.96875,0.27112260295417023,0.7747395833333334,GOOD
6.046857260338941,0.13450690381171326,0.5952995529372458,0.0003445163234645885,1.000399840389466,0.0,0.96875,0.37631940288923343,0.7747395833333334,GOOD
6.06728583216441,0.5030980631252007,-0.8441838525710877,0.0003286068280030282,1.0005315505682546,0.0,0.96875,0.33364849237082506,0.7747395833333334,GOOD
6.08771440398988,0.6016271948635851,-1.0374953493915382,0.0004180085750959804,1.0005371094137818,0.0,0.96875,0.36088083598787085,0.7747395833333334,GOOD
6.108142975815349,0.7378150959956788,-0.2582247608033615,0.0004675024888535826,1.0002348078099768,0.0,0.96875,0.3373313878793366,0.7747395833333334,GOOD
6.128571547640819,0.6039024737954278,1.4314181294936865,0.00031516930202583665,0.99999104208217,0.0,0.96875,0.30901222221930663,0.7747395833333334,GOOD
6.149000119466288,0.428489859547208,1.4105327952450262,0.00025931057035807496,1.0000723666984623,0.0,0.96875,0.2836865275980246,0.7747395833333334,GOOD
6.169428691291757,0.05861295680298967,-0.08027026531203503,0.0003261959144232306,1.0002858635065057,0.0,0.96875,0.2599730923873595,0.7747395833333334,GOOD
6.189857263117227,-0.1612219133642111,-1.394074965577747,0.0005495904130916109,1.000485311696454,0.0,0.96875,0.30330705578843814,0.7747395833333334,GOOD
6.210285834942696,-0.20151986030182406,-1.195541133243617,0.0002157240681224456,1.0004376264599175,0.0,1.0,0.44127492268470414,0.7747395833333334,GOOD
6.230714406768166,-0.1062224907171044,0.20293243410514908,-9.303711684891299e-06,1.000172701886919,0.0,1.0,0.38999236830570394,0.7747395833333334,GOOD
6.251142978593635,-0.05544590075147804,1.616226021382184,-0.00010373804974011868,0.9998514576984744,0.0,1.0,0.3762615598719521,0.7747395833333334,GOOD
6.271571550419105,0.0037065941855347617,1.4016107336401078,-4.3772237028795965e-05,0.9998655871503074,0.0,1.0,0.3834052440959254,0.7747395833333334,GOOD
6.292000122244573,0.07897752287890844,-0.4972102433879119,0.00031410033547009814,1.0003393427122584,0.0,0.96875,0.2745076782815802,0.7747395833333334,GOOD
6.312428694070043,0.24036612736405394,-1.1902080508264699,0.00017961897880086497,1.000331359136767,0.0,1.0,0.3837655701495387,0.7747395833333334,GOOD
6.3328572658955125,0.3821634594631764,-0.7977540514673334,0.00019471060466043444,1.0002915059613091,0.0,1.0,0.38162143260367687,0.7747395833333334,GOOD
6.353285837720982,0.7041748958754344,0.269846848375188,1.0035212783720543e-06,0.9999938510693873,0.0,1.0,0.39582157545979674,0.7747395833333334,GOOD
6.3737144095464515,0.7268397597637248,0.5758222754803975,0.000241798744327758,1.0000756490649987,0.0,0.96875,0.33464519084589167,0.7747395833333334,GOOD
6.394142981371921,0.7132013511001959,0.48236623164265613,0.00032377380363214544,1.0001871552960986,0.0,0.96875,0.2999627967869489,0.7747395833333334,GOOD
6.414571553197391,0.5597229561289311,0.1663139152335507,0.00014266859131089777,1.000135519219818,0.0,1.0,0.36376844863849894,0.7747395833333334,GOOD
6.435000125022859,0.2047979860078416,-0.17633158663745935,-6.480763321755614e-06,1.0000646797092552,0.0,1.0,0.34825863742304314,0.7747395833333334,GOOD
6.455428696848329,-0.03926110896597049,-0.16793324031639192,-6.576951756077165e-05,1.0000598518901118,0.0,1.0,0.35195400939055244,0.7747395833333334,GOOD
6.475857268673798,-0.2630945923550533,-0.12031653983765633,-8.052360380512125e-05,1.0000637180351102,0.0,1.0,0.3558600745971226,0.7747395833333334,GOOD
6.496285840499268,-0.31698035395423585,-0.1209842919894652,-0.00010200404517771626,1.0000963493969535,0.0,1.0,0.3532037768175325,0.7747395833333334,GOOD
6.516714412324737,-0.2958562782917806,-0.027102669022477613,-0.00012154342364573321,1.0000374181005098,0.0,1.0,0.3471914341551642,0.7747395833333334,GOOD
6.537142984150207,-0.14518274643077345,0.33504660129709585,-0.00013329351000186316,0.9998190299894678,0.0,1.0,0.31269398115624414,0.7747395833333334,GOOD
6.5575715559756755,-0.0013242486126870678,0.31629093689954246,-8.904783382013501e-05,0.9999539556174021,0.0,1.0,0.3240438909419278,0.7747395833333334,GOOD
6.578000127801145,0.23446989695701342,-0.09057257780509617,0.00011780642812120894,1.000057735038377,0.0,1.0,0.32661455033129794,0.7747395833333334,GOOD
6.598428699626615,0.40999266560026537,-0.03960690162715194,0.00018064124176960888,1.0000036102311125,0.0,1.0,0.3452713295371888,0.7747395833333334,GOOD
6.618857271452084,0.5923263200170426,0.3150466952162577,0.00016526302798263194,1.0001548757293435,0.0,1.0,0.362168722432491,0.7747395833333334,GOOD
6.639285843277554,0.6024240527525766,0.16941268844654905,0.0002446625446176867,1.0001910749495622,0.0,1.0,0.36451920503856544,0.7747395833333334,GOOD
6.659714415103023,0.6439561929605387,-0.3885304188167271,0.0003876795938827802,1.0002262995714564,0.0,1.0,0.341430805056581,0.7747395833333334,GOOD
6.680142986928493,0.6635630133258913,-0.2769416330235748,0.0004217792322276528,1.0001686519211437,0.0,1.0,0.33666802175508503,0.7747395833333334,GOOD
6.700571558753961,0.519828991773396,0.8850897528697361,0.00048087876198842793,0.9997689216208014,0.0,1.0,0.3195077288991084,0.7747395833333334,GOOD
6.721000130579431,0.25820679772671684,1.025284067020179,0.00020038208288933174,0.9996955671130049,0.0,1.0,0.28194877008920166,0.7747395833333334,GOOD
6.7414287024049,-0.15783374295848138,-0.41723547961438,0.0001285251419774423,0.9996657648868911,0.0,1.0,0.28743320665747235,0.7747395833333334,GOOD
6.76185727423037,-0.3957129536728379,-1.320459274553733,0.0002499397971553042,0.9998666509371318,0.0,1.0,0.3084505385539045,0.7747395833333334,GOOD
6.7822858460558395,-0.428960877175092,-0.04504117172264119,6.481585273900087e-05,0.9997357173192735,0.0,1.0,0.3285550583970841,0.7747395833333334,GOOD
6.802714417881309,-0.42872828856104184,0.950534482917989,0.00014214054926341623,0.9996666227982928,0.0,1.0,0.3227276768752775,0.7747395833333334,GOOD
6.823142989706778,-0.16316838355792945,0.3053803322735482,0.00022287958923815126,0.9996740899221747,0.0,1.0,0.3150768737501633,0.7747395833333334,GOOD
6.843571561532247,0.10105397553767237,-1.4265337035082108,0.00022597603429401033,1.0000488602638096,0.0,1.0,0.2995431207425048,0.7747395833333334,GOOD
6.864000133357717,0.4179316605951036,-1.1823702948675883,-2.262391412002518e-05,1.0003059249322641,0.0,1.0,0.3421431995406083,0.7747395833333334,GOOD
6.884428705183186,0.8691454987571805,0.5902662517133264,6.168230194598494e-05,1.0001132624894713,0.0,1.0,0.33965683388938905,0.7747395833333334,GOOD
6.904857277008656,1.079793358710152,2.1897463934958887,0.0001373984910998779,1.0000528511950717,0.0,1.0,0.37265631324248066,0.7747395833333334,GOOD
6.925285848834125,0.8985044329372044,1.1315710190077075,6.089011917916442e-06,0.9999886813480653,0.0,1.0,0.36475690670223465,0.7747395833333334,GOOD
6.945714420659595,0.41432768705345313,-1.6559781100266155,2.5795068249701798e-05,1.0000778154316194,0.0,1.0,0.3948974575781139,0.7747395833333334,GOOD
6.9661429924850635,0.03768961070541765,-2.9450798581645627,5.406338201033139e-05,1.0002779332700271,0.0,1.0,0.4018425851271582,0.7747395833333334,GOOD
6.986571564310533,-0.03196556297622222,-1.2772112460917313,-0.00030473006862308125,0.9997462154340649,0.0,1.0,0.3963923627980081,0.7747395833333334,GOOD
7.007000136136003,0.03849733207445438,2.7841522621242394,-0.00018605711840618652,0.9996908916133072,0.0,1.0,0.37763942447241106,0.7747395833333334,GOOD
7.027428707961472,0.13257687822993391,3.512245143748261,-0.00013349960883820842,0.9998035240683995,0.0,1.0,0.41973118973207324,0.7747395833333334,GOOD
7.047857279786942,-0.0008532843583521355,-0.19364910750183872,-4.149087790244116e-05,1.000554178518191,0.0,1.0,0.36439022125255816,0.7747395833333334,GOOD
7.068285851612411,0.0633432699786114,-4.178569107955936,0.00016754269539420708,1.0003728066996393,0.0,1.0,0.35339000238852913,0.7747395833333334,GOOD
7.08871442343788,0.15252920388872582,-3.590071423986244,-5.8716972913471234e-05,1.0001749531856161,0.0,1.0,0.34906420854771636,0.7747395833333334,GOOD
7.109142995263349,0.33694330962583785,2.0153333732860883,9.887857527559292e-05,1.000212781379145,0.0,1.0,0.3279882433723747,0.7747395833333334,GOOD
7.129571567088819,1.022744161823884,5.412870526814459,-5.642197283790101e-05,0.9997884541853379,0.0,1.0,0.31833443786603777,0.6995442708333334,GOOD
7.150000138914288,1.6393115051364098,3.009489544359003,0.00047326674712377774,1.000181054883308,0.0,1.0,0.43764431418731115,0.7747395833333334,GOOD
7.170428710739758,2.442940968042323,-2.792071734460341,0.0003972729330625473,0.9998488205962434,0.0,1.0,0.4820169469632975,0.7747395833333334,GOOD
7.1908572825652275,2.601796881799362,-4.161580551635636,0.0003597130600049948,1.0005273950132685,0.0,1.0,0.5473437289610106,0.7747395833333334,GOOD
7.211285854390697,2.864082786177101,0.8805562744694023,0.00022652141720843223,0.9999651604439009,0.0,1.0,0.43888694995206157,0.7747395833333334,GOOD
7.231714426216166,2.0056002594241744,5.990072994012878,0.0001595999669963658,0.9998125143030785,0.0,1.0,0.395076675206695,0.6995442708333334,GOOD
7.252142998041635,0.1691583200436675,4.361760622787187,0.00044635728749636605,0.9997379097355686,0.0,1.0,0.42534802342217315,0.7747395833333334,GOOD
7.272571569867105,-2.9964760760672977,-2.784795997058484,0.00017912487919079923,1.0002853361891568,0.0,0.967741935483871,0.3935549371231006,0.7643636067708334,GOOD
7.293000141692574,-5.1264091873444455,-6.373863850912838,-0.00019394643824535143,1.00002545653615,0.0,0.9354838709677419,0.3704375493125969,0.6901753743489584,GOOD
7.313428713518044,-6.542709079081974,-3.6148126206377578,-0.0007079545162622735,1.0003035296228842,0.0,0.967741935483871,0.41717861302647014,0.7643636067708334,GOOD
7.333857285343513,-6.447942214068954,2.33750654248458,-0.00036443978350717205,0.99939124093078,0.0,1.0,0.5220622608225728,0.7643636067708334,GOOD
7.354285857168982,-5.183347456483849,2.8809827972488535,0.00014434091159457466,0.9990707294749435,0.0,1.0,0.5882768997492417,0.7643636067708334,GOOD
7.3747144289944515,-2.6079856618340194,-2.2988503490143604,0.00029696838074539706,1.0005224612132315,0.0,0.967741935483871,0.4879353827712257,0.6901753743489584,GOOD
7.395143000819921,1.104326820031679,-6.7489928552313945,0.00030620813352384913,0.9997483977973562,0.0,0.96875,0.4267686157777746,0.6995442708333334,GOOD
7.415571572645391,4.580977581556491,-4.828492325764591,5.557596904513483e-05,0.9992208128382386,0.0,0.96875,0.4451578234480637,0.6995442708333334,GOOD
7.43600014447086,8.096750897281034,1.2507565194459147,0.0006064677583212559,0.9992510901003429,0.0,1.0,0.41524717274084344,0.7747395833333334,GOOD
7.45642871629633,9.472962481307352,4.049738354457434,0.0009582672856637645,0.9993611782406437,0.0,1.0,0.42882107082678966,0.7747395833333334,GOOD
7.476857288121798,8.691903616280232,0.7495357921991084,0.0007357208558289819,0.9993666146229041,0.0,1.0,0.42758799887342136,0.7747395833333334,GOOD
7.497285859947268,6.54117054093439,-5.0182954573831715,0.0002865097293219511,0.9996707973707711,0.0,0.96875,0.3834053535706933,0.6995442708333334,GOOD
7.517714431772737,3.3563625949947093,-5.780546360471033,0.00026544626060943265,1.0000044961718115,0.0,0.96875,0.5769818121138137,0.6995442708333334,GOOD
7.538143003598207,-0.22721341280020696,-1.088541122384782,0.0009191818700427274,0.9999666916093933,0.0,0.96875,0.49782461895449925,0.7747395833333334,GOOD
7.558571575423676,-3.9067297965183205,5.563285667580551,-7.042961301396092e-05,0.9997804581312165,0.0,0.9666666666666667,0.3532484378352077,0.6901753743489584,GOOD
7.579000147249146,-6.532131340645143,6.156155716805407,-0.00043780802496289463,1.0004998774953016,0.0,0.9666666666666667,0.4034617489016064,0.6901753743489584,GOOD
7.5994287190746155,-7.809288651128436,0.8335757727144935,4.4672208324601935e-05,1.0007848874471552,0.0,0.967741935483871,0.41431325736459346,0.7643636067708334,GOOD
7.619857290900084,-7.3241363446223575,-4.4926313305312195,0.0005370829874490752,1.0008167593571171,0.0,0.967741935483871,0.42900739384197345,0.7643636067708334,GOOD
7.640285862725554,-5.289745328779354,-3.119671284548647,-0.0003811289241634025,1.0000791625338572,0.0,1.0,0.5405749493685824,0.7643636067708334,GOOD
7.660714434551023,-1.331995637488532,4.48610498933329,-0.0006964208910214502,0.9991684216379635,0.0,1.0,0.4544080241331396,0.7747395833333334,GOOD
7.681143006376493,2.0075096484184387,9.278360798617044,-2.9169354473931275e-05,0.9996557935822721,0.0,1.0,0.42071177337468907,0.6995442708333334,GOOD
7.701571578201962,4.2741769352439976,7.181535621068262,-9.419625131176781e-05,1.0002821918973124,0.0,1.0,0.4886107965630538,0.6995442708333334,GOOD
7.722000150027432,6.427839438174372,-1.6829412821463103,0.0009459751854782214,1.0002844482536468,0.0,1.0,0.5013942088689982,0.7747395833333334,GOOD
7.7424287218529,6.9640494740737635,-6.514844131274111,0.0010351968742809078,1.0006328510278308,0.0,1.0,0.5288133941857275,0.7747395833333334,GOOD
7.76285729367837,7.025512055090851,-2.123958793076133,0.000981122516827849,0.9996702466190905,0.0,1.0,0.42488244463357927,0.7747395833333334,GOOD
7.7832858655038395,5.183092049115474,6.400065291700387,0.00030940018417434677,1.0002358047659872,0.0,1.0,0.4437083264813242,0.6995442708333334,GOOD
7.803714437329309,3.086262392064576,6.387203563908277,-1.0556531920695938e-05,0.9999051059237438,0.0,1.0,0.5039685646399868,0.6995442708333334,GOOD
7.824143009154779,-0.7397212076237751,-1.9660744611744212,0.000429751687174597,0.9999817500207963,0.0,1.0,0.5339902422516821,0.7747395833333334,GOOD
7.844571580980248,-5.096555042096249,-8.834283134879886,0.00038576243787994226,1.0011620153129845,0.0,0.967741935483871,0.48355216842983945,0.7643636067708334,GOOD
7.865000152805718,-7.588020028869043,-8.572924451746797,-0.0003994617622452673,1.0017206728565131,0.0,0.967741935483871,0.5303524086949077,0.7643636067708334,GOOD
7.885428724631186,-8.614840563866252,-0.5621201064087193,-8.987278829702218e-05,1.000376243840861,0.0,0.967741935483871,0.42932088208912156,0.7643636067708334,GOOD
7.905857296456656,-7.889522314058982,3.995582709992618,-0.0007717238124680587,0.9998611351433823,0.0,1.0,0.4436725608813711,0.7643636067708334,GOOD
7.926285868282125,-4.977187860771505,0.22336896983628218,-2.9460462728568276e-06,1.0002472640660902,0.0,1.0,0.4544228356930604,0.7643636067708334,GOOD
7.946714440107595,-0.7075753077145532,-5.7706223685800815,0.00022446036654999864,1.00043311133795,0.0,1.0,0.46824879229228444,0.7747395833333334,GOOD
7.967143011933064,3.6219523678302803,-7.06370740018686,-2.63214883566972e-05,1.0003423410148344,0.0,1.0,0.45951814991245715,0.7747395833333334,GOOD
7.987571583758534,8.266944716041282,-2.8757499541659564,-0.00014254106530733996,0.9993279853171811,0.0,1.0,0.4703559734731423,0.7747395833333334,GOOD
8.008000155584003,11.075288841857562,4.2770141685455085,0.0007923359102259518,0.9994472522251109,0.0,1.0,0.5783245630217803,0.7747395833333334,GOOD
8.028428727409473,11.097159251397308,4.447836702691421,0.000822745453205226,0.9997968729432376,0.0,1.0,0.5392831239133213,0.7747395833333334,GOOD
8.048857299234943,8.504586721187119,-0.7064585640448948,0.0005638437382795228,1.000249908270446,0.0,0.9375,0.49065156008998967,0.6995442708333334,GOOD
8.069285871060412,3.8043004628776123,-4.821412366560828,0.0007288600668623464,1.0006568626688082,0.0,0.96875,0.44619319239521227,0.7747395833333334,GOOD
8.08971444288588,-0.8912006404430981,-3.151881233948407,0.00018172352040754045,1.0000932238132414,0.0,0.96875,0.42369930945157114,0.7747395833333334,GOOD
8.11014301471135,-6.182438985363494,2.452913745924761,0.00018422533358981044,1.0007104561184967,0.0,0.967741935483871,0.32698406976233374,0.7643636067708334,GOOD
8.130571586536819,-9.204245469189015,6.47378628480768,-0.0004651410078812994,0.9999768767499807,0.0,1.0,0.4268525890912369,0.6683146158854166,GOOD
8.151000158362288,-10.18125745717061,2.8024412636820304,-0.0001258667218730199,0.9998693417109635,0.0,1.0,0.4534211442088445,0.7401529947916666,GOOD
8.171428730187758,-8.921002748436404,-2.9844189194960973,0.00033362273530361357,1.0000170064974332,0.0,1.0,0.5108826517094552,0.7401529947916666,GOOD
8.191857302013227,-5.9264743088432095,-3.7476360578793835,6.40951140920554e-05,1.0003325275206951,0.0,1.0,0.5496894014910528,0.7643636067708334,GOOD
8.212285873838697,-1.0175270257387772,0.5982286352034109,0.0005651065301103248,0.9998698784024617,0.0,1.0,0.49480388213420157,0.7747395833333334,GOOD
8.232714445664167,3.580991807808899,4.987214463342966,0.0008102216347366212,0.999636562816488,0.0,1.0,0.48435793193059706,0.7747395833333334,GOOD
8.253143017489636,6.997354800371733,4.302988957816163,0.0005786920030740793,0.9997870782491981,0.0,1.0,0.47247627633399386,0.7747395833333334,GOOD
8.273571589315106,9.08592995095633,-1.3176546118211308,0.0007289139643638639,0.9999834839629697,0.0,1.0,0.45754114557064224,0.7747395833333334,GOOD
8.294000161140575,9.653540828760642,-4.881096346162659,0.0009422414094774664,1.0004153697307943,0.0,1.0,0.4550303993718025,0.7747395833333334,GOOD
8.314428732966045,8.662739409990538,-2.6197139754702516,-8.721191626107248e-05,1.0001471337176586,0.0,1.0,0.40988613326827955,0.7747395833333334,GOOD
8.334857304791514,6.831817508797284,2.6360737576129614,0.0006166195041149527,0.9999832039431427,0.0,1.0,0.4889763337668394,0.7747395833333334,GOOD
8.355285876616982,3.9153435989528673,4.7358916432371965,0.00017059908986029906,1.0001446411775592,0.0,1.0,0.48759243728019586,0.7747395833333334,GOOD
8.375714448442451,0.19296337354621718,1.6573813069934804,0.0001177583402766287,0.9997568714876728,0.0,1.0,0.46612981672173726,0.7747395833333334,GOOD
8.396143020267921,-3.669441606350672,-3.904898494827126,-0.0004527636804041326,0.9997654891128516,0.0,1.0,0.5144446513708001,0.7643636067708334,GOOD
8.41657159209339,-6.208192415190151,-5.1809666837444315,5.373262919975362e-05,1.0005387454886505,0.0,0.967741935483871,0.42957417911944407,0.7643636067708334,GOOD
8.43700016391886,-7.833103263390348,-0.06921299031946004,-0.00014997844768544077,0.9999327411347215,0.0,0.967741935483871,0.35712158381945236,0.7643636067708334,GOOD
8.45742873574433,-7.782822949869486,5.592963282919037,-0.0006600470988012213,0.9991803604628647,0.0,0.9666666666666667,0.3300339928659826,0.6901753743489584,GOOD
8.4778573075698,-6.435955163368805,4.868713078630144,-0.0005975134346417732,0.9995125589786904,0.0,1.0,0.5354795353537058,0.7643636067708334,GOOD
8.498285879395269,-3.137057359075849,-1.562665394213688,0.000465278450952511,0.9998559056488165,0.0,0.967741935483871,0.44844136055726447,0.7643636067708334,GOOD
8.518714451220738,0.3382699984475348,-5.545894790060732,0.0003547185513061039,1.0004108816154758,0.0,0.96875,0.32030508118631573,0.7747395833333334,GOOD
8.539143023046208,3.889052650507923,-3.3182330905823614,0.0004470743350530688,1.0000022316506765,0.0,0.96875,0.35780918293326547,0.7747395833333334,GOOD
8.559571594871677,7.068561264606153,2.828274474347524,0.0005140594730290422,0.999711403305528,0.0,1.0,0.42608627119607323,0.7747395833333334,GOOD
8.580000166697147,7.8606829490279395,4.073771680538684,0.0003632923953899979,0.9995678264309762,0.0,1.0,0.4621752438652404,0.7747395833333334,GOOD
8.600428738522616,7.199260971474439,0.32036723126267885,0.000636481798864308,0.9999328059297596,0.0,1.0,0.4522840346364085,0.7747395833333334,GOOD
8.620857310348084,4.872565973998294,-4.891726787390108,0.0007578481166206618,1.0004762117525468,0.0,1.0,0.44109099121080175,0.7747395833333334,GOOD
8.641285882173554,2.0207102733365416,-4.439477998761311,0.00044525733601759066,1.000636478539776,0.0,1.0,0.45139172691627344,0.7747395833333334,GOOD
8.661714453999023,-1.3420566681772033,0.4455908867342339,-0.0003703191403626457,0.9996180331833241,0.0,1.0,0.5317346623511013,0.7747395833333334,GOOD
8.682143025824493,-4.240676561526419,3.376634126186755,-0.0007719465543190513,0.9997788626032196,0.0,1.0,0.4152821850220147,0.7643636067708334,GOOD
8.702571597649962,-5.764327358101063,1.408686163556459,-0.00039986485780138097,0.9999978475044279,0.0,1.0,0.4051951842143,0.7643636067708334,GOOD
8.723000169475432,-6.175145841398301,-2.7647570953558755,-0.0005951149869316279,0.9999419494296493,0.0,1.0,0.4414168237107687,0.7643636067708334,GOOD
8.743428741300901,-5.041777710066707,-3.8140393205921446,-0.0002554243590775671,0.9996233591282528,0.0,1.0,0.4574443450322293,0.7643636067708334,GOOD
8.76385731312637,-2.7508909680591973,-0.5468792211687211,-0.0003255143665869045,0.999361834241745,0.0,1.0,0.4500051717443368,0.7643636067708334,GOOD
8.78428588495184,0.08181433115988401,3.862098615870944,-0.00019845009063337214,0.9994899420769229,0.0,1.0,0.41013624391630327,0.7747395833333334,GOOD
8.80471445677731,2.495861549033176,3.4520582344127293,0.0003656652405477693,0.9997758895988802,0.0,1.0,0.4380618375551639,0.7747395833333334,GOOD
8.82514302860278,4.6711819111126145,-0.19199281351463116,0.0004307834042257413,0.9996272432853086,0.0,0.96875,0.3978395610010469,0.7747395833333334,GOOD
8.845571600428249,6.033978549886588,-2.004887048934078,0.0005926610263800167,0.9998800641409951,0.0,0.96875,0.46601744529165146,0.7747395833333334,GOOD
8.866000172253717,6.434216826081666,0.01881436335861153,0.0002817600729365965,0.9995730425510074,0.0,0.96875,0.4240915777064692,0.7747395833333334,GOOD
8.886428744079186,5.8493852727833175,4.2462336744797735,-0.0001397397787425567,0.9997430882488383,0.0,0.96875,0.3772775724907879,0.7747395833333334,GOOD
8.906857315904656,4.169379045766323,4.910691436528447,0.00016569984865642218,1.0002005113969534,0.0,1.0,0.4325111963958545,0.7747395833333334,GOOD
8.927285887730125,1.7931178831535168,2.1135288838579136,-0.0001245437205835848,1.0001765224779056,0.0,1.0,0.4324854592455717,0.7747395833333334,GOOD
8.947714459555595,-0.8860501030007414,-0.44983044546171447,-0.0003148206880524059,0.9999796521788182,0.0,1.0,0.4455048273071854,0.7747395833333334,GOOD
8.968143031381064,-3.3991568440175186,-0.44040297365321246,-0.0003033016506481054,1.0004527340153981,0.0,1.0,0.4121536254659074,0.7643636067708334,GOOD
8.988571603206534,-4.769577071434163,2.5606951150305974,-0.00026531424233392235,1.0000447093900064,0.0,1.0,0.4954818381638144,0.7643636067708334,GOOD
9.009000175032003,-5.250188012808339,4.7704687825327206,-0.0002385492732102529,1.0001369919644876,0.0,1.0,0.4521371565039761,0.7643636067708334,GOOD
9.029428746857473,-4.924041927898843,3.139654803351256,-0.0002406396104340192,1.0003947804562898,0.0,1.0,0.44760505725934435,0.7643636067708334,GOOD
9.049857318682943,-3.6008753101823356,-1.9704710900061029,0.00031010663998621825,1.0002450659104736,0.0,1.0,0.4425656617345506,0.7643636067708334,GOOD
9.070285890508412,-1.732449183236207,-3.7679718939850515,-0.0001385196174674286,1.0001925271333367,0.0,0.96875,0.37947137464135094,0.6995442708333334,GOOD
9.090714462333882,0.33948075317871795,-1.9336359403767478,0.00016159090873766704,0.9998483461784319,0.0,1.0,0.42181363447754566,0.7747395833333334,GOOD
9.111143034159351,2.354758810880683,0.9151800594376405,0.0002925434058729266,0.9998799801061291,0.0,1.0,0.44823448303141183,0.7747395833333334,GOOD
9.131571605984819,3.3495293813293725,0.47219005153041316,0.00034302626008851503,0.9999175127431247,0.0,1.0,0.4721014943902425,0.7747395833333334,GOOD
9.152000177810288,4.033900414562285,-3.7810582319697232,0.00031097957056868693,0.9998146730832196,0.0,1.0,0.4684041552378322,0.7747395833333334,GOOD
9.172428749635758,3.9368027604286127,-6.583149142586298,0.00031900404647406544,1.000260739372383,0.0,1.0,0.4725336711166849,0.7747395833333334,GOOD
9.192857321461227,3.593023371651856,-4.977889774223115,1.6132182965883564e-05,0.9998235040101439,0.0,1.0,0.39230104764701645,0.7747395833333334,GOOD
9.213285893286697,2.7997997790208267,-1.1741863097827,-7.7661147245776e-05,0.9992801274922503,0.0,1.0,0.43236303965916134,0.7747395833333334,GOOD
9.233714465112167,1.7935833906147274,0.36843012323654345,0.0002831956473196894,0.9995336796339644,0.0,1.0,0.36687357983602137,0.7747395833333334,GOOD
9.254143036937636,0.7406909026228266,-1.0577108168584133,0.0003378791154493029,0.999543681655343,0.0,1.0,0.36313457856252207,0.7747395833333334,GOOD
9.274571608763106,-0.629348379340704,-4.086263891446601,-4.939311627610402e-05,0.9996117888433141,0.0,1.0,0.38162431351688486,0.7747395833333334,GOOD
9.295000180588575,-1.2769626598562906,-3.9865861704283825,-0.00019148794246733427,0.9996457217088714,0.0,1.0,0.4028870716894829,0.7747395833333334,GOOD
9.315428752414045,-1.9288436576847374,-0.028593835954585645,-0.00044091848544867317,0.9990196130155437,0.0,1.0,0.4192958608412368,0.7747395833333334,GOOD
9.335857324239514,-2.0600543214583484,2.6026943788673993,-6.0987519769309445e-05,0.9994090314461629,0.0,1.0,0.40028126121984275,0.7747395833333334,GOOD
9.356285896064984,-1.8820235241067607,2.061669116574199,0.00021776000954888588,0.9995155023648171,0.0,1.0,0.4388646522469321,0.7747395833333334,GOOD
9.376714467890453,-1.410520584631821,-0.8398565897804554,0.00025037720480974174,0.9999078078510742,0.0,1.0,0.4512068140686123,0.7747395833333334,GOOD
9.397143039715921,-0.752724168460615,-1.7868656782261212,0.00035960209572691337,1.000235979643073,0.0,1.0,0.4847517050075212,0.7747395833333334,GOOD
9.41757161154139,0.23005307803641328,0.9896222968100152,0.0001636601804902474,0.9995715286886205,0.0,1.0,0.4225503536040057,0.7747395833333334,GOOD
9.43800018336686,1.311165401626199,4.915926669934695,0.000539778680964348,0.9996350556490118,0.0,1.0,0.4211127156363864,0.7747395833333334,GOOD
9.45842875519233,2.0803932799300817,5.211938218689575,0.0007274674346059478,0.9997270873743108,0.0,1.0,0.4573502087539808,0.7747395833333334,GOOD
9.4788573270178,2.328053852060755,2.7646871325604114,0.0004215669233678727,1.0006698468064072,0.0,0.96875,0.4894940716306065,0.7747395833333334,GOOD
9.499285898843269,2.3616128930859706,0.12787092998004712,0.000736987174559421,1.0006357435417745,0.0,0.96875,0.4832730451232457,0.7747395833333334,GOOD
9.519714470668738,2.0244537520456856,0.568312088295187,0.00025933627554813437,1.0006546527344176,0.0,1.0,0.48226553970019903,0.7747395833333334,GOOD
9.540143042494208,0.9556331024339053,4.5123616627001635,-0.0002616838869634967,1.0004747805617373,0.0,1.0,0.41467823805018705,0.7747395833333334,GOOD
9.560571614319677,0.31807021731780827,6.462135381920531,-0.0003767199597628451,0.9999331364350947,0.0,1.0,0.3587426570464211,0.6995442708333334,GOOD
9.581000186145147,-0.49180844896333054,4.1331539927288805,-0.0005079915375011962,0.99999173423508,0.0,1.0,0.3618591317982517,0.7747395833333334,GOOD
9.601428757970616,-1.298457679333198,-0.6719185512661272,9.948599829597717e-05,1.000369466255116,0.0,1.0,0.39572704277391496,0.7747395833333334,GOOD
9.621857329796086,-1.4165648377117734,-2.0553102272020434,0.00033248498159512124,1.0001956355437087,0.0,1.0,0.3978996352278958,0.7747395833333334,GOOD
9.642285901621555,-1.3658601469099132,-0.11713317194285855,0.00012227721035721896,0.9998758772311526,0.0,1.0,0.40168993070973297,0.7747395833333334,GOOD
9.662714473447023,-0.8983246086145863,2.448118152209169,-4.357737995427466e-05,0.999534818818793,0.0,1.0,0.39122563007749006,0.7747395833333334,GOOD
9.683143045272493,-0.3546821913508562,1.5357911414677952,0.00022841136917906997,0.9996251765406268,0.0,1.0,0.4377701157979911,0.7747395833333334,GOOD
9.703571617097962,0.3940234122607966,-3.0289862956533833,0.00040524528823150825,0.9998090859825588,0.0,1.0,0.39513047416506436,0.7747395833333334,GOOD
9.724000188923432,0.9905263994711033,-6.376324651981543,0.00024823471373532324,1.0003215719362246,0.0,1.0,0.4351715504928471,0.7747395833333334,GOOD
9.744428760748901,1.4849803496606186,-5.3810441492011485,0.0002049694585392895,0.9998839614383643,0.0,1.0,0.43287920942688946,0.7747395833333334,GOOD
9.76485733257437,1.8653387191848907,-1.6192676556004972,0.00021214746394054008,0.999352047301477,0.0,1.0,0.4555035522043284,0.7747395833333334,GOOD
9.78528590439984,1.861932107288022,-0.2357958159576653,0.0002245609007417697,0.9992772260179369,0.0,1.0,0.46725603145995254,0.7747395833333334,GOOD
9.80571447622531,1.3472905545191787,-2.6805545101699804,0.00031487608094572306,0.9999062763745213,0.0,1.0,0.44379544612214356,0.7747395833333334,GOOD
9.82614304805078,0.981808349851566,-6.051968445887705,0.0003721442235267491,1.0003581388993656,0.0,1.0,0.45996898914796835,0.7747395833333334,GOOD
9.846571619876249,0.8309884651828527,-6.19464890018228,0.00040615632706854046,1.00045031952489,0.0,1.0,0.451813960829579,0.7747395833333334,GOOD
9.867000191701718,0.4626445662087316,-2.2151899955515226,-7.217760823677103e-05,0.9999387231537727,0.0,1.0,0.40019329507997053,0.7747395833333334,GOOD
9.887428763527188,0.15540640316018206,1.5814209356446953,-9.91297317150707e-05,0.9997156823194889,0.0,1.0,0.39747607950257074,0.7747395833333334,GOOD
9.907857335352658,-0.2309382012425074,1.6256943301078057,-0.0003390716804603978,0.9997494902958958,0.0,1.0,0.3950260501917688,0.7747395833333334,GOOD
9.928285907178125,-0.9172460360020205,-0.7564837814067321,-0.0002705368040254266,0.9998923113039226,0.0,1.0,0.4279377062425446,0.7747395833333334,GOOD
9.948714479003595,-1.4163507288676227,-2.057752695670347,4.746834720536183e-06,1.0000682984470808,0.0,1.0,0.4889904947890129,0.7747395833333334,GOOD
9.969143050829064,-1.7678335058456178,0.21588224073729412,-0.0002561030975049056,0.9997388474274322,0.0,1.0,0.5631149033532946,0.7747395833333334,GOOD
9.989571622654534,-1.4928559020846097,4.9169097435489215,-4.714830728578613e-05,0.9991595668936362,0.0,1.0,0.4801951895413555,0.7747395833333334,GOOD
10.010000194480003,-1.286323117930693,6.378274108798349,-0.00017546048348598256,0.9996503818436184,0.0,1.0,0.3826851745357252,0.6995442708333334,GOOD
10.030428766305473,-0.683414035911291,4.25692895652989,0.00020768393296682796,0.9994590915565149,0.0,1.0,0.4175154397849963,0.7747395833333334,GOOD
10.050857338130943,0.13155325388063593,0.8961725402450194,0.0002985851797687935,0.9999000577487146,0.0,1.0,0.37011732436016337,0.7747395833333334,GOOD
10.071285909956412,0.7784587817921803,0.9974114908619631,0.0004381976496051827,0.999849797665858,0.0,1.0,0.3784347886791138,0.7747395833333334,GOOD
10.091714481781882,2.094538868590159,4.381108267054943,8.418331870245983e-05,0.9995277762412325,0.0,1.0,0.399778946896941,0.7747395833333334,GOOD
10.112143053607351,2.864438430853669,6.250367116354305,0.00023040744884019468,0.9996664356856815,0.0,1.0,0.44317774369763324,0.7747395833333334,GOOD
10.13257162543282,3.213093225809485,4.248123396112881,0.0005894476934256397,0.9999512361044787,0.0,1.0,0.520900536825012,0.7747395833333334,GOOD
10.15300019725829,3.4017607066219866,-0.17545548278156642,0.0007219392109315013,1.0000247509459876,0.0,1.0,0.4591263521811827,0.7747395833333334,GOOD
10.17342876908376,3.0924445353132457,-1.6320512532978122,0.0008668550456685996,1.0000863624348544,0.0,1.0,0.4722627068798785,0.7747395833333334,GOOD
10.193857340909227,2.6744213512568207,-0.25957878561751424,0.000616892221091073,0.9996508145901334,0.0,1.0,0.42093655726167345,0.7747395833333334,GOOD
10.214285912734697,1.543370631757556,1.668378956228831,0.00023939657851824208,0.9993088030979443,0.0,1.0,0.3666808430186693,0.7747395833333334,GOOD
10.234714484560167,0.3418232851128304,0.8818783310521019,-0.0003015474684800133,0.9994171779458587,0.0,1.0,0.3240757102760891,0.7747395833333334,GOOD
10.255143056385636,-0.917104169508868,-3.1235925246047618,-0.0001733142104534561,0.999726956126997,0.0,1.0,0.34245991670999193,0.7747395833333334,GOOD
10.275571628211106,-1.9969490672955343,-5.776543752286647,0.0002979513878591041,0.9999835034726358,0.0,1.0,0.37131183028439585,0.7747395833333334,GOOD
10.296000200036575,-2.7653704261503096,-4.699383145525411,-0.0002113200475449916,0.9995507804256855,0.0,1.0,0.42184594076923354,0.7643636067708334,GOOD
10.316428771862045,-2.9075288567570237,-2.5133846920988856,-0.0003397852598387954,0.9994344629920174,0.0,1.0,0.3672089257313012,0.7643636067708334,GOOD
10.336857343687514,-2.5555668549076196,-1.9212216167505383,-7.090524653871956e-05,0.9992783907283611,0.0,1.0,0.3436505087224314,0.7643636067708334,GOOD
10.357285915512984,-1.760841666000545,-3.120359699985004,3.564042065407369e-06,0.9996457209452995,0.0,1.0,0.37308900666373535,0.7747395833333334,GOOD
10.377714487338453,-0.5372131400902838,-5.515126020983294,0.0003360195686659507,0.9997379393200653,0.0,1.0,0.3834420959054999,0.7747395833333334,GOOD
10.398143059163923,0.5079602314876834,-4.793556343657697,0.00013530137724507055,0.9995994168666689,0.0,1.0,0.4068323893093801,0.7747395833333334,GOOD
10.418571630989392,1.9950042690453738,-1.5790618216278012,-0.00010357066755212173,0.9995662802233077,0.0,1.0,0.4164201312721059,0.7747395833333334,GOOD
10.439000202814862,2.7584372820467893,0.3216097468364889,-2.665014019681494e-05,0.9995536100106113,0.0,1.0,0.45101152250650167,0.7747395833333334,GOOD
10.45942877464033,3.0195363975822236,0.19506811062443163,0.00013266440348298008,0.999674814343141,0.0,1.0,0.5141587064786601,0.7747395833333334,GOOD
10.4798573464658,2.8523288823553408,-0.8224103174913675,8.088195502884773e-05,1.0002575544560108,0.0,1.0,0.5034900093353933,0.7747395833333334,GOOD
10.500285918291269,2.4913812314794774,-0.5381290808922121,-1.4193601168666488e-05,1.0001757993444196,0.0,1.0,0.48490975199262504,0.7747395833333334,GOOD
10.520714490116738,1.5582983321281425,2.0138619756912797,-0.00023174553169203976,0.9999222027263871,0.0,0.96875,0.4258153560484533,0.7747395833333334,GOOD
10.541143061942208,0.2906603110125343,4.300427147152388,-0.00023596880668830624,0.9998152905088276,0.0,0.96875,0.4360926622997328,0.7747395833333334,GOOD
10.561571633767677,-0.42138478800827395,4.221645053898518,-0.00033934356104012157,0.9998095080980615,0.0,0.96875,0.4529100492162339,0.7747395833333334,GOOD
10.582000205593147,-1.0978383311623277,2.735481624835472,-0.00037214421780991727,1.0003529251658914,0.0,0.96875,0.4758055234325011,0.7747395833333334,GOOD
10.602428777418616,-1.3060621907618561,2.363026734990216,-0.00042143261573981836,1.000373122392159,0.0,0.96875,0.4787405517296338,0.7747395833333334,GOOD
10.622857349244086,-1.275772891079181,3.2299326097260344,-0.0006274349970922373,1.0000346081200597,0.0,1.0,0.5451367783902663,0.7747395833333334,GOOD
10.643285921069555,-0.9181251898924041,4.6215548808534965,-0.0006687573719516432,1.0000434708796453,0.0,1.0,0.48972589702310104,0.7747395833333334,GOOD
10.663714492895025,-0.4580090742145362,4.698738649403222,-0.0006951965163702086,0.9999099174900257,0.0,1.0,0.46892264687542884,0.7747395833333334,GOOD
10.684143064720494,0.3486628689449993,3.007084192891311,-0.0007615795711430577,1.0002332395526072,0.0,1.0,0.4471145410785341,0.7747395833333334,GOOD
10.704571636545964,1.4248441887802858,1.0452526742216321,-0.0004058053822827783,1.0002823892967634,0.0,1.0,0.46444761683363894,0.7747395833333334,GOOD
10.725000208371432,2.133474676903231,0.881643484196122,-0.00022501169786330182,1.000108559606445,0.0,1.0,0.4849086355093685,0.7747395833333334,GOOD
10.745428780196901,2.7973723911075257,1.4962152901100851,-2.933830402684456e-05,1.0000235437951241,0.0,1.0,0.5024737703274801,0.7747395833333334,GOOD
10.76585735202237,2.85385751396663,1.5208728231624287,-5.605029713217698e-05,0.999929805015744,0.0,1.0,0.5039079190531324,0.7747395833333334,GOOD
10.78628592384784,2.5986690736256457,0.09462960077927374,-0.0002011399272855894,0.9997817490885806,0.0,1.0,0.5199245233713712,0.7747395833333334,GOOD
10.80671449567331,1.8377858566231904,-1.9797097902484626,4.38909917192608e-05,0.999880942053907,0.0,1.0,0.514984147230028,0.7747395833333334,GOOD
10.82714306749878,0.6594923852005391,-2.510522944347005,-0.00017356594188886455,0.999807646690666,0.0,1.0,0.4969555242238592,0.7747395833333334,GOOD
10.847571639324249,-0.22058345522048683,-1.9117317709985375,-6.891762573183602e-05,0.9997099592547755,0.0,1.0,0.5079834882415505,0.7747395833333334,GOOD
10.868000211149718,-1.018014953416919,-1.4629194887485013,-0.0003417609694467758,0.9995411075298682,0.0,1.0,0.5185983867204016,0.7747395833333334,GOOD
10.888428782975188,-1.6659329775083531,-1.7839365449260682,-0.0005990106930628528,0.9994873175710456,0.0,1.0,0.5240163547890859,0.7747395833333334,GOOD
10.908857354800658,-2.0971806709414627,-2.4585275777736464,-0.0006765561137351875,0.9997412929176592,0.0,1.0,0.5161064943749704,0.7747395833333334,GOOD
10.929285926626127,-2.0751612774517953,-2.6391741982643593,-0.0005875438044283148,0.9996436649638727,0.0,1.0,0.49914188384024133,0.7747395833333334,GOOD
10.949714498451597,-1.4305689740868912,-2.226292313904775,-0.00028832997514260846,0.9995211813210337,0.0,1.0,0.4950373784306132,0.7747395833333334,GOOD
10.970143070277066,-0.3900763354243899,-0.9672917941742976,2.1261877926486028e-05,0.9993952572453264,0.0,1.0,0.4492775077754258,0.7747395833333334,GOOD
10.990571642102534,0.6167571625935208,-0.22123022855916102,5.575167133372252e-05,0.999329878654101,0.0,1.0,0.4747054708524486,0.7747395833333334,GOOD
11.011000213928003,1.8004236785342795,-0.15408137105043362,8.373639836174673e-05,0.9994612662360818,0.0,1.0,0.5178587945437799,0.7747395833333334,GOOD
11.031428785753473,2.5895642146122144,-0.18594049595344875,0.00029687063890386224,0.999544428697967,0.0,1.0,0.5417842931528719,0.7747395833333334,GOOD
11.051857357578942,2.9656254529654325,0.06680465392934498,0.0004484204772022915,0.9996390681844253,0.0,1.0,0.5443948894639882,0.7747395833333334,GOOD
11.072285929404412,3.0723581835628364,1.0538523330380543,0.00030506459908011946,0.9995681535303531,0.0,1.0,0.5212223431980156,0.7747395833333334,GOOD
11.092714501229882,2.8353343317357367,2.06945311506287,0.00045379012933739754,0.9995942020541222,0.0,1.0,0.5004758828479051,0.7747395833333334,GOOD
11.113143073055351,2.161157729442491,2.152970622605841,8.241153573562312e-05,0.9993781768327188,0.0,1.0,0.5066558066365432,0.7747395833333334,GOOD
11.13357164488082,0.7767575233499655,1.4672127232996204,-0.00012075586593503814,0.9996884985659941,0.0,1.0,0.4342371635272082,0.7747395833333334,GOOD
11.15400021670629,-0.2850303217872946,1.356094116192244,-0.00042224381330432026,0.9998650832627548,0.0,1.0,0.4143187610248724,0.7747395833333334,GOOD
11.17442878853176,-1.1437066640373819,1.4984941574779242,-0.00022888418566354663,0.9997858249927167,0.0,1.0,0.4231031477198446,0.7747395833333334,GOOD
11.19485736035723,-1.6687882985352727,1.829189130112779,-0.00014324769417223593,0.9995163214445513,0.0,1.0,0.44848012270822263,0.7747395833333334,GOOD
11.215285932182699,-1.8146695246775226,1.9079291013963626,-3.6118273911599463e-06,0.9996397564522936,0.0,1.0,0.4515226669561154,0.7747395833333334,GOOD
11.235714504008168,-1.6315353139360098,1.3629225182770808,-9.492960633098079e-06,0.9997501639733842,0.0,1.0,0.4322212687756082,0.7747395833333334,GOOD
11.256143075833636,-0.7854455027163,0.2336391949707673,4.587284665223488e-05,0.9995990846106817,0.0,1.0,0.410341150116982,0.7747395833333334,GOOD
11.276571647659106,0.1470150883666429,0.06551394992221421,2.4476146314419108e-05,0.9996232809479152,0.0,1.0,0.39160539250772797,0.7747395833333334,GOOD
11.297000219484575,1.5279031683706454,0.4703146883722562,4.357463710682546e-06,0.9995109133385518,0.0,1.0,0.4084281820800001,0.7747395833333334,GOOD
11.317428791310045,2.6518780549249747,0.6920306050865515,0.0002092938504032394,0.999617477153695,0.0,1.0,0.4419388453367103,0.7747395833333334,GOOD
11.337857363135514,3.0886901120899903,0.41975115078954994,0.00014103874486239725,0.9996889299258394,0.0,1.0,0.4600888076690286,0.7747395833333334,GOOD
11.358285934960984,3.2546489193492127,-1.0869602072958688,0.0003603915668153626,1.0000088983017021,0.0,1.0,0.43416496182706965,0.7747395833333334,GOOD
11.378714506786453,3.0804346987469247,-1.9286928797109149,0.00023175845102353467,1.000230280762674,0.0,1.0,0.42863994545584744,0.7747395833333334,GOOD
11.399143078611923,2.5936140721227128,-1.0882407645735466,0.00028744085794884725,1.0001280012178941,0.0,1.0,0.4448874797982018,0.7747395833333334,GOOD
11.419571650437392,1.5055336127453016,0.17635775755982586,7.234605275888213e-05,0.999903035057092,0.0,1.0,0.44607882559169604,0.7747395833333334,GOOD
11.440000222262862,0.23253075490884056,0.2803409595416327,-0.00018423420184762515,0.9996026338247381,0.0,1.0,0.44354954216008785,0.7747395833333334,GOOD
11.460428794088331,-0.9326244184141421,-1.0255957723662306,4.336049207512202e-05,1.0000327937932958,0.0,1.0,0.4545271154700961,0.7747395833333334,GOOD
11.480857365913801,-2.064386025288235,-2.225481578408714,-1.2889479523530572e-05,1.0002968446322293,0.0,1.0,0.47744226061640543,0.7747395833333334,GOOD
11.50128593773927,-2.6217172824165305,-1.7441734648062586,-6.208732626234044e-05,1.0003107961325859,0.0,1.0,0.48745958880658863,0.7747395833333334,GOOD
11.521714509564738,-2.6467054240511705,0.13202979111698032,-0.0001806117077967443,0.9997934079687426,0.0,1.0,0.4694208544502575,0.7747395833333334,GOOD
11.542143081390208,-2.118486779110224,0.8508260558178267,-8.39139462212118e-05,0.9998047474184659,0.0,1.0,0.47032831733899466,0.7747395833333334,GOOD
11.562571653215677,-1.1713065279982589,0.3492605573610593,-6.14603349322882e-05,0.9998941018242729,0.0,1.0,0.4720108063131548,0.7747395833333334,GOOD
11.583000225041147,0.1483740924154734,-0.9039089880341471,0.00010266413700764482,1.0000546549655438,0.0,1.0,0.4599876791495506,0.7747395833333334,GOOD
11.603428796866616,1.5833016081796683,-1.1551337747914856,0.00015624994589099909,1.00026673983585,0.0,1.0,0.5329978879579408,0.7747395833333334,GOOD
11.623857368692086,2.877588093071915,0.27201195534447264,6.130775407794183e-05,0.9997391064612514,0.0,1.0,0.5106904424457365,0.7747395833333334,GOOD
11.644285940517555,3.483155509090906,1.5712884357506534,9.907899049939698e-05,0.9999520882623125,0.0,1.0,0.4850567623023614,0.7747395833333334,GOOD
11.664714512343025,3.4816975290468934,1.543988198395317,3.790036740632985e-05,0.9999105948848648,0.0,1.0,0.4635810680713203,0.7747395833333334,GOOD
11.685143084168494,3.1754184057599684,0.2927438677825813,0.00012805946123121956,0.9997483630759925,0.0,1.0,0.4371017114500217,0.7747395833333334,GOOD
11.705571655993964,2.2636719901546014,-0.5785476183949315,-0.00012580225685063156,0.9999008469210203,0.0,1.0,0.4251410342026565,0.7747395833333334,GOOD
11.726000227819434,0.933521735046301,-0.044876052695920265,-0.0002862680284891179,0.9997722704671996,0.0,1.0,0.4056402114710298,0.7747395833333334,GOOD
11.746428799644903,-0.30157105275617907,1.3139485362133945,0.00012292118726911199,0.9996693879667664,0.0,1.0,0.3893660990476192,0.7747395833333334,GOOD
11.766857371470373,-1.1524708567950743,1.646191899366734,0.0007303808974774753,0.999860690313902,0.0,1.0,0.5112644519020549,0.7747395833333334,GOOD
11.78728594329584,-1.794289065348948,0.773594799128911,0.0005214431819536766,1.000164019736892,0.0,1.0,0.4878031277376821,0.7747395833333334,GOOD
11.80771451512131,-1.9308980676486518,-0.2253141582772894,0.0004292084018480999,1.0000560652500283,0.0,1.0,0.4837386359959711,0.7747395833333334,GOOD
11.82814308694678,-1.7238922514713577,-0.11856402842973546,0.00048191537026614893,0.9998528864538101,0.0,1.0,0.4959156148167338,0.7747395833333334,GOOD
11.848571658772249,-0.9360617211833379,0.9131809975130133,0.0003915406630078739,0.9998356598641375,0.0,1.0,0.47808231182860067,0.7747395833333334,GOOD
11.869000230597718,-0.0481832568750068,1.417423102965413,0.00045568482012119387,0.9997849775560639,0.0,1.0,0.46666676022282305,0.7747395833333334,GOOD
11.889428802423188,1.0713424837811134,1.0146570495937208,0.0005761988246598164,0.9998440917989815,0.0,1.0,0.4770978000913279,0.7747395833333334,GOOD
11.909857374248658,2.268430922446359,0.18635908783766642,0.0008644925323340018,0.9995771445156717,0.0,1.0,0.49549850672963675,0.7747395833333334,GOOD
11.930285946074127,2.672877932156921,0.021764041554714453,0.0007173140078206631,0.9996420365304411,0.0,1.0,0.5401287967288807,0.7747395833333334,GOOD
11.950714517899597,2.953900076514101,0.44508493818597716,0.0006243088500647528,0.9997256291482522,0.0,1.0,0.5088331551104812,0.7747395833333334,GOOD
11.971143089725066,2.805215022305161,0.6322994926264888,0.0005284255473610407,0.9997433204211384,0.0,1.0,0.47417241916949376,0.7747395833333334,GOOD
11.991571661550536,2.112321513899523,0.0844483014661439,0.0005212599419702063,0.9996231091124229,0.0,1.0,0.4449204829558322,0.7747395833333334,GOOD
12.012000233376005,0.8578225924619334,-0.9035499000057079,0.00036913156883006543,0.9997006944396917,0.0,1.0,0.4188371488649652,0.7747395833333334,GOOD
12.032428805201475,-0.23204800014975557,-1.4193609945753574,0.00033021691266563874,0.9997789973749949,0.0,1.0,0.42763299755909284,0.7747395833333334,GOOD
12.052857377026942,-1.127247354630577,-1.3249954970528632,0.0004320709131027524,0.9999315879849405,0.0,1.0,0.458377818809944,0.7747395833333334,GOOD
12.073285948852412,-1.7593196971422176,-1.1388338950328454,0.00038902509470938295,0.999918572636923,0.0,1.0,0.4898415896737484,0.7747395833333334,GOOD
12.093714520677882,-1.8295535932952067,-1.379460910236867,0.0005371616195259621,0.9999595149225902,0.0,1.0,0.5537529152310201,0.7747395833333334,GOOD
12.114143092503351,-1.4761074552553035,-1.9873640886544663,0.00047112608346521346,1.0001350269162355,0.0,1.0,0.5248126968755927,0.7747395833333334,GOOD
12.13457166432882,-0.697779963364656,-2.07208037372676,0.0005499757675261018,0.9999008558682636,0.0,1.0,0.49506507359831875,0.7747395833333334,GOOD
12.15500023615429,0.49407152521999687,-1.8161442206957763,0.0006461228139808779,0.9997405769880479,0.0,1.0,0.4825180992352204,0.7747395833333334,GOOD
12.17542880797976,1.9012306069851883,-1.11385291114898,0.0006627604352473747,0.9996075220364463,0.0,1.0,0.5024983744376709,0.7747395833333334,GOOD
12.19585737980523,2.9244891480449313,-0.4571569275459948,0.0007000522458290049,0.9995011631618284,0.0,1.0,0.5255649181469055,0.7747395833333334,GOOD
12.216285951630699,3.2797576635879304,-0.39514181518471614,0.0006748123038594692,0.9996632773336216,0.0,1.0,0.5436019809570032,0.7747395833333334,GOOD
12.236714523456168,3.309546768461801,-0.3300799546622566,0.0005753132269595361,0.999641455515552,0.0,1.0,0.539150690587808,0.7747395833333334,GOOD
12.257143095281638,3.039818915806123,0.07664831314632359,0.0002878421868544287,0.9998374623413698,0.0,1.0,0.4989246189040264,0.7747395833333334,GOOD
12.277571667107107,2.38629701552804,0.8256347875188133,0.00024495755070021684,0.9997792762853018,0.0,1.0,0.49178145814447705,0.7747395833333334,GOOD
12.298000238932577,1.0988490098409356,1.9419894797551023,0.00011677279791035339,0.9994725161706328,0.0,1.0,0.46435219148956397,0.7747395833333334,GOOD
12.318428810758045,-0.10461949283746597,2.5317243866825683,7.04895225733677e-05,0.9994382173337564,0.0,1.0,0.47063778898252495,0.7747395833333334,GOOD
12.338857382583514,-1.2115738212144946,2.2638522087862536,6.860240861254218e-05,0.9997066033582427,0.0,1.0,0.5181986867701354,0.7747395833333334,GOOD
12.359285954408984,-2.3221942709130587,1.9546197243387549,1.6739563946017255e-05,0.999811228595818,0.0,1.0,0.5347112618955494,0.7747395833333334,GOOD
12.379714526234453,-2.6255997114331917,2.055127575576427,-6.536360869695771e-05,0.999897933282629,0.0,1.0,0.519451950936196,0.7747395833333334,GOOD
12.400143098059923,-2.569501055847458,2.6274255684607786,-4.104933166799255e-05,0.9996862713349842,0.0,1.0,0.49967467554368916,0.7747395833333334,GOOD
12.420571669885392,-1.9614647107809744,3.220655389643874,-0.0002490760669512282,0.9998753143750385,0.0,1.0,0.4632759626671559,0.7747395833333334,GOOD
12.441000241710862,-0.8383406182368931,2.8653470059075694,0.0001565208939988181,0.9998799915476804,0.0,1.0,0.4248966446255435,0.7747395833333334,GOOD
12.461428813536331,0.40480619482049784,1.8411476521789985,0.00016013191407598164,0.9998979543061317,0.0,1.0,0.4226918204807684,0.7747395833333334,GOOD
12.481857385361801,1.9335594991095468,1.0520340991445405,0.0002110475980740798,1.000019834070614,0.0,1.0,0.44829517640915734,0.7747395833333334,GOOD
12.50228595718727,2.876490608663844,0.787170282062926,0.00022439828653553063,1.0000254457160163,0.0,1.0,0.4741770119132513,0.7747395833333334,GOOD
12.52271452901274,3.325055188603101,0.7942925333301973,0.0003028948355963331,1.0000299123675063,0.0,1.0,0.4968971293264066,0.7747395833333334,GOOD
12.54314310083821,3.424968708793152,0.5757773637389894,0.00040942696633281716,1.0000945099996918,0.0,1.0,0.5107255417980401,0.7747395833333334,GOOD
12.563571672663679,3.1567697236769705,-0.6051597536884208,0.0005084854716801736,0.9999443912492787,0.0,1.0,0.4754587186234478,0.7747395833333334,GOOD
12.584000244489147,2.253733777686521,-2.2437020595139336,0.0007753991220951448,0.9997833986435506,0.0,1.0,0.5225833033034165,0.7747395833333334,GOOD
12.604428816314616,0.6630904081314175,-2.934162143973648,0.0003230309770051787,1.0000101356933102,0.0,1.0,0.47736399698893844,0.7747395833333334,GOOD
12.624857388140086,-0.5927583274747439,-2.707778531087218,0.00022056065028831258,1.000023939060838,0.0,1.0,0.46038294021936826,0.7747395833333334,GOOD
12.645285959965555,-1.6972454404176647,-2.3596181350828767,0.00019786764258240431,0.999997623379549,0.0,1.0,0.45821220972468485,0.7747395833333334,GOOD
12.665714531791025,-2.4160197021246352,-2.636646570730107,-3.295731480850011e-05,0.9998975664949737,0.0,1.0,0.4542254552596225,0.7747395833333334,GOOD
12.686143103616494,-2.4815153126821397,-3.6969364871063455,-0.00014364009063185575,0.9996775931169557,0.0,1.0,0.44950737314262923,0.7747395833333334,GOOD
12.706571675441964,-1.721789610704503,-4.086914865476473,0.00011489384213434708,0.9996855713210443,0.0,1.0,0.44678675764981396,0.7747395833333334,GOOD
12.727000247267434,-0.6008251302262944,-3.116800078179839,2.1034992181322936e-05,0.9996813422116361,0.0,1.0,0.4488104040440054,0.7747395833333334,GOOD
12.747428819092903,0.9963473456861802,-1.5680478200450036,0.00010796500582665821,0.9999410345387717,0.0,1.0,0.5812018709553453,0.7747395833333334,GOOD
12.767857390918373,2.4889316826942864,-0.7923936597624918,0.00037955676826832046,0.9998624731197631,0.0,1.0,0.5973782265119972,0.7747395833333334,GOOD
12.788285962743842,3.30007798949038,-0.9756174699380951,0.000410245378181397,0.999941235521368,0.0,1.0,0.580624459775829,0.7747395833333334,GOOD
12.808714534569312,3.599037865930665,-1.11294602142455,-3.979384193155599e-05,0.9998558374429992,0.0,0.96875,0.509734924868807,0.7747395833333334,GOOD
12.829143106394781,3.5283981352276967,-0.25373940125289307,-0.00011273503751775202,0.9997112753093472,0.0,0.96875,0.5181663083467656,0.7747395833333334,GOOD
12.849571678220249,2.9440241406748626,1.7521436427414763,-0.00029364101129076073,0.9994727194137983,0.0,0.96875,0.5097452171225691,0.7747395833333334,GOOD
12.870000250045718,1.4553409438216773,2.7983200086653737,-0.0002300476831111282,0.9996601232331306,0.0,1.0,0.5531097118625018,0.7747395833333334,GOOD
12.890428821871188,-0.3201379211038723,2.507679343146802,-0.0004150249647411426,0.999588418661473,0.0,1.0,0.5263917890663179,0.7747395833333334,GOOD
12.910857393696658,-1.8197527499284438,1.546560930394227,-0.00023940220432874964,0.9996743443241619,0.0,1.0,0.5644097542595714,0.7747395833333334,GOOD
12.931285965522127,-3.179768528605642,1.9851319906698046,-0.0006830286929296919,0.9999475834881849,0.0,1.0,0.5129475037475196,0.7643636067708334,GOOD
12.951714537347597,-3.6904794169744948,3.4555377062350177,-0.0006930163181944149,0.9998879932347936,0.0,1.0,0.4835675264404672,0.7643636067708334,GOOD
12.972143109173066,-3.358722114032425,4.194349684022643,-0.0005072140806518042,1.000020491684412,0.0,1.0,0.4692521703169572,0.7643636067708334,GOOD
12.992571680998536,-2.3661271475816354,3.833870083403226,-0.00033058559444650677,0.9999364864352832,0.0,1.0,0.4880500172394814,0.7747395833333334,GOOD
13.013000252824005,-0.8086833762246748,2.4863317652337407,-0.00016042495821348536,1.0000971397103269,0.0,1.0,0.49532142783435096,0.7747395833333334,GOOD
13.033428824649475,0.8184330645108265,1.5952648507710274,-0.00028451512627429386,1.0001607800602506,0.0,1.0,0.5106022131077937,0.7747395833333334,GOOD
13.053857396474944,2.5376331009890736,2.0086026472079213,0.00018441688213908554,0.9999600199378572,0.0,1.0,0.5587206666182825,0.7747395833333334,GOOD
13.074285968300414,3.5851098052282926,2.7831516774743417,-0.00038316656141233215,0.9995891457325567,0.0,0.96875,0.5107326021658637,0.7747395833333334,GOOD
13.094714540125883,3.945332171027175,2.218102677733488,-0.0002404088416149367,0.9997823431224908,0.0,0.96875,0.48808420478975245,0.7747395833333334,GOOD
13.115143111951351,3.9369161643819592,0.542308752922199,-2.9572031957565596e-05,0.9999992747796949,0.0,0.96875,0.4554252065176519,0.7747395833333334,GOOD
13.13557168377682,3.2400815340230644,-1.0328255884314712,0.00045024054890470004,1.000331218887986,0.0,1.0,0.5421036046580293,0.7747395833333334,GOOD
13.15600025560229,2.1150469220506816,-1.4460137351433278,0.0003408578995169864,1.0000989451282079,0.0,1.0,0.49529893993987417,0.7747395833333334,GOOD
13.17642882742776,0.43720398296323576,-0.6447559384052818,1.423059262182181e-05,0.9999002965998536,0.0,1.0,0.4503415191475447,0.7747395833333334,GOOD
13.19685739925323,-0.8847646815350086,-0.5959612343301408,9.4216837436211e-05,0.9998687812112299,0.0,1.0,0.4462189265941626,0.7747395833333334,GOOD
13.217285971078699,-2.1654949142596145,-1.6554237110270713,-2.8770579334912004e-05,1.0000509360679102,0.0,1.0,0.4494004581358081,0.7747395833333334,GOOD
13.237714542904168,-2.92240755257078,-2.899765180302747,-9.017451635040892e-05,0.9999755130933606,0.0,1.0,0.543270681672142,0.7643636067708334,GOOD
13.258143114729638,-2.944024767520605,-2.952785427044712,-4.493072393663005e-05,1.0000374671307506,0.0,1.0,0.49556559633523095,0.7643636067708334,GOOD
13.278571686555107,-2.3024764578388686,-2.3276726702336945,-8.448550278376262e-05,1.0000567100188855,0.0,1.0,0.46431442171212656,0.7747395833333334,GOOD
13.299000258380577,-0.8467313873478073,-0.9357596057372994,0.00013909423280992589,0.9997441340502898,0.0,1.0,0.43757076976195886,0.7747395833333334,GOOD
13.319428830206046,0.5484427034793198,-0.8759584464725484,-4.543390164209978e-05,0.9995336900260816,0.0,1.0,0.4480192981455736,0.7747395833333334,GOOD
13.339857402031516,2.2767844557462027,-1.6355418585663744,0.0002807186563203468,0.9999207883176261,0.0,1.0,0.5064596110591228,0.7747395833333334,GOOD
13.360285973856985,3.1942380196928912,-1.625030310736183,0.0003756497445632368,1.0000209146887657,0.0,1.0,0.5482309940906493,0.7747395833333334,GOOD
13.380714545682453,3.7716768652297668,-0.6096559567423578,0.00023339340507841702,1.0000760191542557,0.0,1.0,0.5439303821950464,0.7747395833333334,GOOD
13.401143117507923,3.8277579381025273,0.9609503453740715,-0.00047538860702434803,0.9995837535483263,0.0,0.96875,0.44801883923700686,0.7747395833333334,GOOD
13.421571689333392,3.268224966161588,1.55524387005763,-6.021570002319546e-05,0.9998071027427664,0.0,1.0,0.4959605784784325,0.7747395833333334,GOOD
13.442000261158862,2.1006765317140883,1.065563984331088,-0.0003188425892990933,0.9999251818009617,0.0,1.0,0.4806638717820809,0.7747395833333334,GOOD
13.462428832984331,0.2903804909662978,0.5532246156450377,-0.0004746667902247426,1.0000202757801533,0.0,1.0,0.44846397277183225,0.7747395833333334,GOOD
13.4828574048098,-1.1449543498656585,0.8461309420415288,-0.0004658792188072568,1.0001437739433632,0.0,1.0,0.4550650030469226,0.7747395833333334,GOOD
13.50328597663527,-2.3510153812762273,1.8274055418510333,-0.000658464495132627,0.9997990993399557,0.0,1.0,0.4701003915844282,0.7747395833333334,GOOD
13.52371454846074,-3.1397847496903912,2.3863073649525623,-0.0007787509017540465,0.9999184440326727,0.0,1.0,0.45893021528989814,0.7643636067708334,GOOD
13.54414312028621,-3.1315500278424726,2.1667816793589125,-0.0006149055818164958,0.9998841386981137,0.0,1.0,0.4505198291515837,0.7643636067708334,GOOD
13.564571692111679,-2.462109134640185,0.8679360401403512,-0.00022746849709965493,1.0001351443858117,0.0,1.0,0.4503332976530664,0.7747395833333334,GOOD
13.585000263937149,-1.2671004859382582,0.5294732970982152,-0.0002133463881787111,1.0000366503753475,0.0,1.0,0.4068869012201093,0.7747395833333334,GOOD
13.605428835762618,0.23158682073454384,0.9530696439819601,-0.00014465118431760245,0.9999740015992349,0.0,1.0,0.3956953433238208,0.7747395833333334,GOOD
13.625857407588088,1.7802976183586432,1.3958069998519358,-0.00015472094878539423,0.9997943192989461,0.0,1.0,0.425246838327519,0.7747395833333334,GOOD
13.646285979413555,2.9140742197583065,1.144020042478544,-6.726443062110118e-05,0.999840250116371,0.0,1.0,0.45471996573688356,0.7747395833333334,GOOD
13.666714551239025,3.5054466691535535,0.1467064308363233,7.377602621135478e-05,1.000011770319437,0.0,1.0,0.45561302723071284,0.7747395833333334,GOOD
13.687143123064494,3.457600775011869,-0.6536712834946996,-4.1207760505795424e-05,1.0002166625533733,0.0,1.0,0.48091713656785656,0.7747395833333334,GOOD
13.707571694889964,3.276582611664256,-0.6293335837631333,-1.2549748213111752e-05,1.0001932282475838,0.0,1.0,0.49599877673643056,0.7747395833333334,GOOD
13.728000266715433,2.4839827643094567,-0.24047083582919404,0.00033785650167817886,0.9997666497497154,0.0,1.0,0.5714552110925235,0.7747395833333334,GOOD
13.748428838540903,1.106163417758882,-0.14408373412662867,-6.268696912768247e-05,0.999649467379603,0.0,1.0,0.5215813363251451,0.7747395833333334,GOOD
13.768857410366373,-0.3629028036420999,-0.6206543070756979,-0.00018522955110335517,0.9998194142302317,0.0,1.0,0.4827805315025877,0.7747395833333334,GOOD
13.789285982191842,-1.5956758436544292,-1.366371588832637,1.2034194268398421e-05,0.999969084458661,0.0,1.0,0.5173211822182747,0.7747395833333334,GOOD
13.809714554017312,-2.185664636420728,-1.3166913328362515,5.432896874314325e-05,0.9998828631346521,0.0,1.0,0.5195955681592009,0.7747395833333334,GOOD
13.830143125842781,-2.429528999164643,-0.44224035297742925,-1.4502276881669806e-06,0.9996274146697772,0.0,1.0,0.5299253826453705,0.7747395833333334,GOOD
13.85057169766825,-1.970503317578884,0.10140189018047385,0.00021506397836972322,0.9995484059432402,0.0,1.0,0.5141113404092105,0.7747395833333334,GOOD
13.87100026949372,-1.0468366069985091,0.09939570770415301,0.0002137798059802836,0.9994929386083721,0.0,1.0,0.5185122798816834,0.7747395833333334,GOOD
13.89142884131919,-0.11410750328984776,-0.1160187460010494,-0.0005671687015867281,0.9997818428912796,0.0,0.96875,0.39438799726172274,0.6995442708333334,GOOD
13.911857413144658,1.3392535244314434,-0.10749478668990631,-5.909635435721007e-05,0.999669185738126,0.0,1.0,0.5052332999035972,0.7747395833333334,GOOD
13.932285984970127,2.5507830734253214,0.6035777789611132,0.0001548133505094271,0.9998088501524561,0.0,1.0,0.5178903204609057,0.7747395833333334,GOOD
13.952714556795597,3.0896934025026663,1.2838994989104644,0.0002459850958886067,0.999873268324764,0.0,1.0,0.5259367349895806,0.7747395833333334,GOOD
13.973143128621066,3.1402632221831914,1.2547230177373758,0.0001863540886869853,0.9998959168804216,0.0,1.0,0.5227324842392571,0.7747395833333334,GOOD
13.993571700446536,2.9691930321409714,0.7773066731297336,0.00016017558609463762,0.999892229618665,0.0,1.0,0.49491849675397226,0.7747395833333334,GOOD
14.014000272272005,2.2248449227736655,0.31101981793192945,6.327322151964094e-05,1.000020666933774,0.0,1.0,0.47702387138121355,0.7747395833333334,GOOD
14.034428844097475,0.8902115749717897,0.5397320390430836,-4.1279079751588006e-05,1.0000356891479119,0.0,1.0,0.4451178257005307,0.7747395833333334,GOOD
14.054857415922944,-0.4422009149685845,1.1374780543771073,-5.1658432047006894e-05,0.9998022765251999,0.0,1.0,0.4390846860513783,0.7747395833333334,GOOD
14.075285987748414,-1.3653375296386108,0.9653897705609878,-0.00014253976872271118,0.9999389078235823,0.0,1.0,0.4448637280021598,0.7747395833333334,GOOD
14.095714559573883,-2.1110651604061883,0.2386006844256755,-6.353604509091254e-05,0.9998630552280148,0.0,1.0,0.4596448709238597,0.7747395833333334,GOOD
14.116143131399353,-2.296242457219199,-0.20032569584283033,-0.00026486819508499116,0.9998496321171025,0.0,1.0,0.47360517666818547,0.7747395833333334,GOOD
14.136571703224822,-1.9984312837768397,-0.20826505291204567,-0.00020008582347401198,0.999703287086797,0.0,1.0,0.4881185147832523,0.7747395833333334,GOOD
14.157000275050292,-1.059530470028649,0.29698150138976526,-0.00013671437410494664,0.999498531853903,0.0,1.0,0.4652768495385883,0.7747395833333334,GOOD
14.17742884687576,0.08815819815726983,0.5244604072514898,-0.0001113653521876972,0.999370503563014,0.0,1.0,0.46934221677954574,0.7747395833333334,GOOD
14.19785741870123,1.4595026681895953,0.042789336857894544,-0.00010749356281703095,0.9992944822592889,0.0,1.0,0.5073575456371144,0.7747395833333334,GOOD
14.218285990526699,2.6890025732148617,-0.37416877649671143,4.26037116870662e-05,0.9989250230317002,0.0,0.96875,0.5121854661432979,0.7747395833333334,GOOD
14.238714562352168,3.149392868866138,-0.3335295815571133,5.610793639921969e-05,0.9990201593042781,0.0,0.96875,0.49126929798091196,0.7747395833333334,GOOD
14.259143134177638,3.3043404450884295,0.15704349683066887,-5.993510783265298e-05,0.9990969953967405,0.0,0.96875,0.4418906921572858,0.7747395833333334,GOOD
14.279571706003107,3.1336968251203774,0.7321454421166325,-0.0002256888286551065,0.9989648194411632,0.0,0.96875,0.4052335061770417,0.7747395833333334,GOOD
14.300000277828577,2.39001993207916,0.5056905237405761,-0.00010308625474768524,0.9994209825067235,0.0,1.0,0.4610764862326898,0.7747395833333334,GOOD
14.320428849654046,1.0239002764181948,-0.06406929710469522,-0.0002159413078305238,0.9994765711497178,0.0,1.0,0.4177293647964609,0.7747395833333334,GOOD
14.340857421479516,-0.16997317964413858,-0.14642600494491137,-0.00026136948952478877,0.9995711478781708,0.0,1.0,0.40415528951665064,0.7747395833333334,GOOD
14.361285993304985,-1.2060722749534123,0.3170004291847966,-7.639798774585135e-05,0.9998033381315207,0.0,1.0,0.44355395382187135,0.7747395833333334,GOOD
14.381714565130455,-1.9858010521698506,0.8399772296120551,-0.0001472225686560338,0.9997948438496626,0.0,1.0,0.5243027267174121,0.7747395833333334,GOOD
14.402143136955925,-2.0776709065362198,0.8975596061213517,-0.0002588733395465577,0.9998333060112006,0.0,1.0,0.4940097720122655,0.7747395833333334,GOOD
14.422571708781394,-1.9449668372700295,0.6385837119796811,-0.00027158539102333385,0.999680677364979,0.0,1.0,0.4776072296078015,0.7747395833333334,GOOD
14.443000280606862,-1.1478869883159983,0.09573760347352589,-0.00010517478157408551,0.9996371391331055,0.0,1.0,0.4397498934525217,0.7747395833333334,GOOD
14.463428852432331,-0.18070171862076834,0.3118934941539502,-1.600743166264627e-05,0.9995848125933804,0.0,1.0,0.4375338177328314,0.7747395833333334,GOOD
14.4838574242578,1.0556004576138474,0.8714053427058139,-2.3510885679760357e-05,0.9994104238017519,0.0,1.0,0.4684007573462007,0.7747395833333334,GOOD
14.50428599608327,2.15146245407175,0.9583387228128061,9.842655950338936e-05,0.9994956005091287,0.0,1.0,0.5203561647641421,0.7747395833333334,GOOD
14.52471456790874,2.7195580102827126,0.5515545869460692,0.00023216298340179837,0.9996577581611764,0.0,1.0,0.5413534141352957,0.7747395833333334,GOOD
14.54514313973421,2.874031312341788,-0.10015176217525945,0.00029148034206110556,0.9999625345489184,0.0,1.0,0.5527623523147847,0.7747395833333334,GOOD
14.565571711559679,2.786363700884552,-0.1563871146682838,0.00016494782528183205,0.9998928532623167,0.0,1.0,0.5070998930191128,0.7747395833333334,GOOD
14.586000283385149,2.1652170937156274,0.1808732722623807,-0.00010666056146020855,0.9999424730578147,0.0,1.0,0.4520339162205078,0.7747395833333334,GOOD
14.606428855210618,1.2023486342157028,0.42121736043962504,-7.162792193130225e-05,0.9998405482700504,0.0,1.0,0.43481648960434083,0.7747395833333334,GOOD
14.626857427036088,0.07477947614612077,0.25101820376762035,-5.01975567395713e-05,0.9997587297513854,0.0,1.0,0.42071283481620725,0.7747395833333334,GOOD
14.647285998861557,-0.9109639537336843,-0.20776146878454416,-0.00034623452912446273,0.9998480733391115,0.0,1.0,0.4421294099668166,0.7747395833333334,GOOD
14.667714570687027,-1.4493832020089392,-0.5068775913919867,-0.0003779521254428318,0.9999167621655548,0.0,1.0,0.4531327265917173,0.7747395833333334,GOOD
14.688143142512494,-1.6894080927620463,-0.24266134139121132,-0.00032325897421168494,0.9998424238418362,0.0,1.0,0.4524535620533742,0.7747395833333334,GOOD
14.708571714337964,-1.5986127124943326,0.4995568853397826,-0.0002171900766977775,0.9994169818378644,0.0,1.0,0.5244639182557987,0.7747395833333334,GOOD
14.729000286163433,-1.1779736587468244,0.577731149677351,-4.740048310583037e-05,0.9994694040611442,0.0,1.0,0.5002978267575879,0.7747395833333334,GOOD
14.749428857988903,-0.2230267953166968,0.311821770582568,0.00011549801859571618,0.9995335313520529,0.0,1.0,0.4578902340592858,0.7747395833333334,GOOD
14.769857429814373,0.8459039038926632,0.03578128573139544,8.502903283159395e-05,0.9996708823769427,0.0,1.0,0.47170555817853005,0.7747395833333334,GOOD
14.790286001639842,1.8166479524776125,0.18835222889756598,0.0001915373254254879,0.99974362595922,0.0,1.0,0.4811328017599166,0.7747395833333334,GOOD
14.810714573465312,2.549175455348263,0.7283801041419408,0.00025353969850369065,0.9997313319574397,0.0,1.0,0.4706783587192609,0.7747395833333334,GOOD
14.831143145290781,2.7146160664119914,0.9403471758086273,0.00020026609245173217,0.9997070614869145,0.0,1.0,0.48054876183097744,0.7747395833333334,GOOD
14.85157171711625,2.610752226436042,0.801064206791549,0.00016282004650409093,0.9997305323640846,0.0,1.0,0.46225993433364804,0.7747395833333334,GOOD
14.87200028894172,2.1279840219812396,0.32239855290360253,0.00021729960217074736,1.0000572354310286,0.0,1.0,0.472758855173304,0.7747395833333334,GOOD
14.89242886076719,1.206598979262042,0.24779481490519567,-3.492038134470012e-05,1.000051816374449,0.0,1.0,0.4493588929171176,0.7747395833333334,GOOD
14.91285743259266,0.1467944566355601,0.5774383619658857,-0.00039716906189959716,0.9999237375887858,0.0,1.0,0.4471839147702972,0.7747395833333334,GOOD
14.933286004418129,-0.661787085486073,0.7552636224209683,-0.0003199444853639021,0.9998642859993926,0.0,1.0,0.45766603581708326,0.7747395833333334,GOOD
14.953714576243597,-1.249509489034416,0.5280896699773996,-0.00023864040192929034,0.9998900000160957,0.0,1.0,0.47322306223155114,0.7747395833333334,GOOD
14.974143148069066,-1.506003114195635,-0.003314293968987636,-1.004946868882133e-05,0.9997829786013115,0.0,1.0,0.4796128072513168,0.7747395833333334,GOOD
14.994571719894536,-1.4002051213971203,-0.17628760866760462,0.00011105288988900438,0.9997172897850247,0.0,1.0,0.4691673105150641,0.7747395833333334,GOOD
15.015000291720005,-0.9548984392656072,-0.07496109771872789,0.00026013677224732176,0.9996817176306035,0.0,1.0,0.4592137105534464,0.7747395833333334,GOOD
15.035428863545475,-0.14028739646126473,0.2702184005324531,9.784086684327993e-06,0.9994879244900728,0.0,1.0,0.4545709693594103,0.7747395833333334,GOOD
15.055857435370944,0.895078740546833,0.35619506955074576,-4.783793309102728e-05,0.9994932041785131,0.0,1.0,0.4469843936880078,0.7747395833333334,GOOD
15.076286007196414,2.0021058775380203,0.10405360705720734,7.16164909755263e-05,0.9992823233447615,0.0,1.0,0.46503766140056807,0.7747395833333334,GOOD
15.096714579021883,2.5576740609417317,-0.06789385859931318,-1.5585203495367337e-05,0.9992985696762563,0.0,1.0,0.4704580448075186,0.7747395833333334,GOOD
15.117143150847353,2.6909554225171237,0.06165877920079721,-3.052318612253356e-05,0.9992786541127545,0.0,1.0,0.47791746333917146,0.7747395833333334,GOOD
15.137571722672822,2.603110879186455,0.5129105111506597,-0.00029572495634395496,0.9993207332306944,0.0,1.0,0.46862948175172436,0.7747395833333334,GOOD
15.158000294498292,2.098428494121262,0.6814591990222043,-0.0003952588253505458,0.9994148216819639,0.0,1.0,0.4518136665801192,0.7747395833333334,GOOD
15.178428866323761,1.1227045153466935,0.6384449467411933,-0.0006445272435306822,0.9993932354005741,0.0,1.0,0.4355170482531839,0.7747395833333334,GOOD
15.198857438149231,-0.004603638124772658,0.49836578102752394,-0.0010070307721548532,0.9994579814622686,0.0,1.0,0.43542908431676347,0.7747395833333334,GOOD
15.219286009974699,-0.7915621281722054,0.46984063078103877,-0.0008068353650220661,0.9994872733764406,0.0,1.0,0.4385663891889754,0.7747395833333334,GOOD
15.239714581800168,-1.2978521367562443,0.6476987269665473,-0.0006056820023227015,0.9995579304181812,0.0,1.0,0.44387986740534596,0.7747395833333334,GOOD
15.260143153625638,-1.4863844047054546,0.7662389486976721,-0.0005299628376494361,0.9995739285129233,0.0,1.0,0.44887423556709355,0.7747395833333334,GOOD
15.280571725451107,-1.4305851240102405,0.6694659906776841,-0.0005060133181703909,0.9995068454429276,0.0,1.0,0.44768012737919705,0.7747395833333334,GOOD
15.301000297276577,-0.9848564600088694,0.4206528361364273,-0.0003822715211638027,0.9995244065666962,0.0,1.0,0.44829300796461236,0.7747395833333334,GOOD
15.321428869102046,-0.22828292684160412,0.31733432378483134,-0.0002452176775400043,0.9994247266608748,0.0,1.0,0.44754434188051756,0.7747395833333334,GOOD
15.341857440927516,0.7974679074948642,0.46080600685779394,-0.0002432314906881008,0.9993950446524956,0.0,1.0,0.45727562743606387,0.7747395833333334,GOOD
15.362286012752985,1.7230777294031654,0.594268264620329,9.365586884834175e-05,0.9992811645472327,0.0,1.0,0.5340437826804861,0.7747395833333334,GOOD
15.382714584578455,2.2799246948050422,0.5109959674309009,4.744919058623498e-05,0.9993986272924542,0.0,1.0,0.5567049841253694,0.7747395833333334,GOOD
15.403143156403925,2.586615833957716,0.14073408100247664,0.0001386230195494531,0.9993522392807624,0.0,1.0,0.538846549032803,0.7747395833333334,GOOD
15.423571728229394,2.5417917806744255,0.026307909747480984,0.00016291157380324693,0.9993001323076586,0.0,1.0,0.5191443560393417,0.7747395833333334,GOOD
15.444000300054864,2.187327056849689,0.06754587239937149,0.00010400529487191168,0.9992290433773541,0.0,1.0,0.486582985499773,0.7747395833333334,GOOD
15.464428871880333,1.2664297994617546,0.23848997735654598,4.694629178621523e-05,0.9993856779712829,0.0,1.0,0.44952490159036784,0.7747395833333334,GOOD
15.4848574437058,0.3038020607168651,0.29479470245034584,-0.00014209274669131408,0.9994826123038539,0.0,1.0,0.4185806131613735,0.7747395833333334,GOOD
15.50528601553127,-0.4696692041100365,0.09546610215185627,-0.0002248305073504428,0.9995434911093599,0.0,1.0,0.4280406409091537,0.7747395833333334,GOOD
15.52571458735674,-1.0403003627418963,-0.12030948281951759,-0.0003173186633800716,0.9995980566207083,0.0,1.0,0.49062839015296444,0.7747395833333334,GOOD
15.54614315918221,-1.2269220807361716,-0.01759477914130081,-0.0003904159828890162,0.9997134053388815,0.0,1.0,0.4447354693968146,0.7747395833333334,GOOD
15.566571731007679,-1.206375987225683,0.2834365597602197,-0.00045272980085703555,0.999635470087259,0.0,1.0,0.41568755242056865,0.7747395833333334,GOOD
15.587000302833149,-0.9357365147057268,0.526228639337481,-0.0003909397830236878,0.9995805571345705,0.0,1.0,0.3856643752139328,0.7747395833333334,GOOD
15.607428874658618,-0.2950473859478255,0.5512361237995488,-0.0002958708428764331,0.9994545968313986,0.0,1.0,0.37038090433884124,0.7747395833333334,GOOD
15.627857446484088,0.5803165673119806,0.36155074714355917,-0.0002694926850723253,0.9993403185870023,0.0,1.0,0.3912779883792949,0.7747395833333334,GOOD
15.648286018309557,1.452315774112947,0.3902935873707183,-0.0001221342752135428,0.9994426369270795,0.0,1.0,0.44258792772346334,0.7747395833333334,GOOD
15.668714590135027,2.1041579314902186,0.5613538786670231,5.765423950507901e-05,0.9994895628845235,0.0,1.0,0.4738108118058586,0.7747395833333334,GOOD
15.689143161960496,2.565124253327223,0.7225117088090309,0.0002686293828268043,0.9996157882205526,0.0,1.0,0.48891311603135806,0.7747395833333334,GOOD
15.709571733785966,2.5367232378605644,0.69169283296729,0.00018718740951588215,0.9996039085540296,0.0,1.0,0.47224946655933436,0.7747395833333334,GOOD
15.730000305611435,2.0437581825014455,0.3329938231055065,4.642659692153228e-05,0.9996396749046228,0.0,1.0,0.4352971833025394,0.7747395833333334,GOOD
15.750428877436903,1.1732126233362754,0.18170052485814914,-0.00023245889610730932,0.9998325004091386,0.0,1.0,0.39708090783068895,0.7747395833333334,GOOD
15.770857449262373,0.3441110785131524,0.33514590516184767,-0.0003833486658092834,0.999458658191931,0.0,1.0,0.3676238891756102,0.7747395833333334,GOOD
15.791286021087842,-0.4191373440314647,0.4952429198051356,-0.0005348583578756868,0.9993784441444623,0.0,1.0,0.37665025361225485,0.7747395833333334,GOOD
15.811714592913312,-0.833349609673828,0.4191714441640102,-0.0005547352050583551,0.9993979168213486,0.0,1.0,0.39864971433286783,0.7747395833333334,GOOD
15.832143164738781,-1.0742825594574152,0.19085522331448318,-0.0005869579960079312,0.9994794798933097,0.0,1.0,0.41002607249788214,0.7747395833333334,GOOD
15.85257173656425,-1.1222341895631325,0.045435689823244196,-0.0006118142780900581,0.9994871760514437,0.0,1.0,0.44796926955594857,0.7747395833333334,GOOD
15.87300030838972,-0.8392312486972419,0.10574606077082066,-0.0005789464266251991,0.9994867295924843,0.0,1.0,0.42020625975881454,0.7747395833333334,GOOD
15.89342888021519,-0.12125289587633721,0.3083622034992997,-0.0004463299896757049,0.9994202910366754,0.0,1.0,0.39632162443411584,0.7747395833333334,GOOD
15.91385745204066,0.6436366149962482,0.4126157001364648,-0.00030204927324998886,0.9993610543449424,0.0,1.0,0.4121129072944824,0.7747395833333334,GOOD
15.934286023866129,1.4965682777769787,0.2506733939859127,-6.756304096307584e-05,0.9995190264044751,0.0,1.0,0.4489079033686717,0.7747395833333334,GOOD
15.954714595691598,2.0336848486702586,0.03925896832369247,0.00019842647937023256,0.9996384028188189,0.0,1.0,0.47390644670969606,0.7747395833333334,GOOD
15.975143167517068,2.261101902094828,0.057281173097252,0.00029314255829553657,0.9996690854081872,0.0,1.0,0.4939647195674139,0.7747395833333334,GOOD
15.995571739342537,2.231939248124872,0.2790937559970176,0.0002743497097978053,0.9997534772067637,0.0,1.0,0.47891566707950445,0.7747395833333334,GOOD
16.016000311168007,1.8801626776485922,0.44687796992441264,0.0002781371528942697,0.9997147657100647,0.0,1.0,0.4454304673150435,0.7747395833333334,GOOD
16.036428882993476,1.1844301602241314,0.47079166060534916,-1.2874422759695064e-06,0.9996927405924102,0.0,1.0,0.40249228980570073,0.7747395833333334,GOOD
16.056857454818946,0.25104421370210994,0.406525026913636,-0.0003501938228505448,0.9996516811617955,0.0,1.0,0.38511872001810254,0.7747395833333334,GOOD
16.077286026644416,-0.4115773565125526,0.3996455118099075,-0.0004192194260710386,0.9995282855000165,0.0,1.0,0.39055453232681236,0.7747395833333334,GOOD
16.097714598469885,-0.8095598018907124,0.47109922764686707,-0.0005044792210814128,0.9995051128033068,0.0,1.0,0.4019297888723411,0.7747395833333334,GOOD
16.118143170295355,-1.048029609026625,0.6246454273790913,-0.0005361209604747851,0.9994887601523949,0.0,1.0,0.4037852898923974,0.7747395833333334,GOOD
16.138571742120824,-1.007057877446634,0.558741968826042,-0.00047040463388882343,0.9994544299289961,0.0,1.0,0.41160180555639975,0.7747395833333334,GOOD
16.15900031394629,-0.7680746238407744,0.3488266265680026,-0.0003142479559849453,0.9995377627425514,0.0,1.0,0.41395568830297946,0.7747395833333334,GOOD
16.17942888577176,-0.21759738937502934,0.20112607146915806,-0.00040343342720844535,0.9995677908536826,0.0,1.0,0.40554616036700813,0.7747395833333334,GOOD
16.19985745759723,0.5748328605970949,0.1655342346354165,-9.981186941266789e-05,0.9995943909697568,0.0,1.0,0.4189565208749103,0.7747395833333334,GOOD
16.2202860294227,1.4265374062892588,0.341043605676545,7.986102610154872e-05,0.9994932844087974,0.0,1.0,0.4567713080577011,0.7747395833333334,GOOD
16.24071460124817,2.0091806291049217,0.21960335045133028,0.00034801637447262775,0.9995789201253004,0.0,1.0,0.5015697737306928,0.7747395833333334,GOOD
16.261143173073638,2.283460365538163,-0.014035093333818027,0.0005467630481097594,0.9995757086692019,0.0,1.0,0.5345773796032395,0.7747395833333334,GOOD
16.281571744899107,2.2460627195634393,-0.07266099935570858,0.0005355544137566579,0.9995520088284244,0.0,1.0,0.5244404953124518,0.7747395833333334,GOOD
16.302000316724577,2.0010902170811478,-0.042544486491796873,0.0004904097552342924,0.9995630733931541,0.0,1.0,0.48840233453102955,0.7747395833333334,GOOD
16.322428888550046,1.2788028252615367,0.1949363024674201,0.000200264952458148,0.9994278835385594,0.0,1.0,0.4438573710751885,0.7747395833333334,GOOD
16.342857460375516,0.3671452945471955,0.32438137464223726,-0.00015705309716242949,0.9995039745374749,0.0,1.0,0.4270988264028467,0.7747395833333334,GOOD
16.363286032200985,-0.3364546438492507,0.20626564495331257,-3.2674622789443076e-05,0.9995237111296645,0.0,1.0,0.3882255656297031,0.7747395833333334,GOOD
16.383714604026455,-0.7894468810399112,0.036136892013059474,-5.965092275451245e-05,0.9996724498585378,0.0,1.0,0.39095380946571423,0.7747395833333334,GOOD
16.404143175851924,-0.9260474878502443,0.047840544580328825,-5.85969517152263e-05,0.9996874238371226,0.0,1.0,0.3891338521367112,0.7747395833333334,GOOD
16.424571747677394,-0.9649210792724808,0.275866082163069,-0.00010972371638845643,0.9996621246268566,0.0,1.0,0.3802255205121282,0.7747395833333334,GOOD
16.445000319502864,-0.7250558426021354,0.4443992238625063,-0.00012375135778793265,0.9995762082980201,0.0,1.0,0.3831770712388608,0.7747395833333334,GOOD
16.465428891328333,-0.185495279365806,0.4481895858234304,-7.796014328110973e-06,0.9995584105430855,0.0,1.0,0.3965039749036101,0.7747395833333334,GOOD
16.485857463153803,0.5625530059253653,0.2953134797708365,2.653625465153375e-05,0.9994947590817044,0.0,1.0,0.4153359456311913,0.7747395833333334,GOOD
16.506286034979272,1.3250154100528881,0.1641591850866061,0.0002858557003350191,0.9995872642781355,0.0,1.0,0.5259998327945882,0.7747395833333334,GOOD
16.52671460680474,1.886423579437321,0.3221327941871278,0.00032256559000066386,0.9995142729697727,0.0,1.0,0.5380409185242536,0.7747395833333334,GOOD
16.54714317863021,2.102273131794265,0.4012686628337967,0.0003739661679661353,0.9994807944888978,0.0,1.0,0.5460221329960299,0.7747395833333334,GOOD
16.56757175045568,2.0798441412934685,0.3566061436858564,0.00036206457767390334,0.9995089704026235,0.0,1.0,0.523663200827497,0.7747395833333334,GOOD
16.58800032228115,1.8188400221140562,0.2434992401902345,0.00023236915527526317,0.9995898968249957,0.0,1.0,0.48364053079909286,0.7747395833333334,GOOD
16.60842889410662,1.1403461702474944,-0.020909900666302494,2.9676299059399794e-05,0.9997120210829986,0.0,1.0,0.4513216906183458,0.7747395833333334,GOOD
16.62885746593209,0.4166460594978958,0.03137059583990734,-0.00017534019342169783,0.9997106778057092,0.0,1.0,0.41438769053189184,0.7747395833333334,GOOD
16.64928603775756,-0.22951298341838705,0.17472475531420323,-0.00018858097370049045,0.9997556116677702,0.0,1.0,0.39718781951481,0.7747395833333334,GOOD
16.66971460958303,-0.661195833547807,0.07701869458788069,0.00035342887860005337,0.9996448871340903,0.0,1.0,0.4336259003743622,0.7747395833333334,GOOD
16.690143181408494,-0.8390533119171175,-0.03730332600539221,0.0002962087730245998,0.9998233357200984,0.0,1.0,0.4183519971807649,0.7747395833333334,GOOD
16.710571753233964,-0.85719007847484,-0.09410280861060644,0.0002564242081167933,0.9998652734528646,0.0,1.0,0.4063900378822217,0.7747395833333334,GOOD
16.731000325059433,-0.6997154559816618,-0.06058106241614736,0.00020926894929550904,0.9998126581696068,0.0,1.0,0.40670094681220254,0.7747395833333334,GOOD
16.751428896884903,-0.15672212127234367,0.12911080287875282,0.00018705805172047757,0.9995966045789115,0.0,1.0,0.39337675906193886,0.7747395833333334,GOOD
16.771857468710373,0.6155916209248448,0.32936137889184186,6.100338651403393e-05,0.9994230039822487,0.0,1.0,0.41830045288755013,0.7747395833333334,GOOD
16.792286040535842,1.2616969220476182,0.3466743514208309,0.00013140918010839258,0.9994086153418321,0.0,1.0,0.45785100639459525,0.7747395833333334,GOOD
16.81271461236131,1.7651849493520104,0.2657633101346092,0.00020502253966817778,0.9993891891983023,0.0,1.0,0.48850196942124247,0.7747395833333334,GOOD
16.83314318418678,1.9850252527387173,0.21919174796951768,0.00038663229890800125,0.9993145621837268,0.0,1.0,0.557461049322798,0.7747395833333334,GOOD
16.85357175601225,1.9591432895551038,0.35867206976307797,0.00023136121760929177,0.9993521071315222,0.0,1.0,0.5095156572838561,0.7747395833333334,GOOD
16.87400032783772,1.7396312021997613,0.516066430952706,6.877053070895009e-05,0.9994385668580013,0.0,1.0,0.4728345148820682,0.7747395833333334,GOOD
16.89442889966319,1.1672193498943473,0.5148132682763567,2.4755260007078628e-05,0.999502104615542,0.0,1.0,0.43718735541809656,0.7747395833333334,GOOD
16.91485747148866,0.4010209394247468,0.4198540590246124,-0.00016682845823525762,0.999496986796981,0.0,1.0,0.41166969678602766,0.7747395833333334,GOOD
16.93528604331413,-0.13072075372453398,0.26191201438424005,-6.759271615220534e-05,0.9994941437637276,0.0,1.0,0.4032251854851467,0.7747395833333334,GOOD
16.9557146151396,-0.4741410214888018,0.2877615509958571,-0.0001395473243174844,0.9994272385986527,0.0,1.0,0.4103303371198298,0.7747395833333334,GOOD
16.976143186965068,-0.6558529070556132,0.3103987485127902,-0.0001418893942322354,0.9995070955560699,0.0,1.0,0.4188471451443724,0.7747395833333334,GOOD
16.996571758790537,-0.635312780751085,0.3381315857286215,-0.00017961421874510315,0.9993828485197026,0.0,1.0,0.42739020824966645,0.7747395833333334,GOOD
17.017000330616007,-0.4726756770345223,0.30895544933436364,-0.00012999307365227784,0.9993181228939899,0.0,1.0,0.3993697666709668,0.7747395833333334,GOOD
17.037428902441476,-0.038901074857405786,0.13530053319983593,-6.908075543357668e-05,0.9994391024730577,0.0,1.0,0.37583106346913564,0.7747395833333334,GOOD
17.057857474266946,0.6399217429096015,0.08620258566632988,2.3704401322932285e-06,0.9993119229693366,0.0,1.0,0.39326903820873715,0.7747395833333334,GOOD
17.078286046092416,1.3340048484781357,0.2381688513970071,1.661107090667621e-05,0.9991555425328921,0.0,1.0,0.4404479519870497,0.7747395833333334,GOOD
17.098714617917885,1.7648367580506048,0.25915232988292713,4.2167758034905724e-05,0.999412957198602,0.0,1.0,0.4682241046573111,0.7747395833333334,GOOD
17.119143189743355,1.9356280373528865,0.22062004492770693,5.1269449003883776e-05,0.9994422484941603,0.0,1.0,0.48324293458373113,0.7747395833333334,GOOD
17.139571761568824,1.9186906952199103,0.1639174294693807,4.072053047244517e-05,0.9995544302407179,0.0,1.0,0.4756854959205144,0.7747395833333334,GOOD
17.160000333394294,1.654720821126892,0.1625595644633555,-0.00010676541270592369,0.9996900348051969,0.0,1.0,0.47107337186051507,0.7747395833333334,GOOD
17.180428905219763,1.1822435712567094,0.2809246455779163,-0.00016241191838798545,0.9993366046692451,0.0,1.0,0.43871779858239945,0.7747395833333334,GOOD
17.200857477045233,0.43668993784643,0.4447167430831154,-0.00030235240205010174,0.9993010641308014,0.0,1.0,0.4166428949381251,0.7747395833333334,GOOD
17.2212860488707,-0.1259834897908817,0.47679718305704577,-0.0004112192596654171,0.9993228022718808,0.0,1.0,0.4218814768208063,0.7747395833333334,GOOD
17.24171462069617,-0.5357932300898495,0.43372713490865455,-0.0005046626187649603,0.9993387570112271,0.0,1.0,0.4390448675408527,0.7747395833333334,GOOD
17.262143192521638,-0.6823835666938429,0.3713977951668852,-0.0004918749741040222,0.9994284469062747,0.0,1.0,0.4427907765201256,0.7747395833333334,GOOD
17.282571764347107,-0.6563517810914586,0.42634475870774724,-0.0004786614757358444,0.9993775112630601,0.0,1.0,0.43726880142112173,0.7747395833333334,GOOD
17.303000336172577,-0.4440937892338308,0.5221747581076694,-0.00035080328161002264,0.9992695018717065,0.0,1.0,0.4299625854417181,0.7747395833333334,GOOD
17.323428907998046,-0.002027218444550921,0.46113917451187336,-0.00010863864100287087,0.9992012579857753,0.0,1.0,0.4000124030231918,0.7747395833333334,GOOD
17.343857479823516,0.6387606524853227,0.42289161833181244,-0.0001649057395584451,0.9991987644811566,0.0,1.0,0.3920882349500291,0.7747395833333334,GOOD
17.364286051648985,1.2648986876074608,0.3611894325619873,-7.136191741203762e-05,0.9991746694829284,0.0,1.0,0.4292248919358264,0.7747395833333334,GOOD
17.384714623474455,1.62227742434354,0.3907886169886414,-3.4567061189248854e-05,0.9991329744826445,0.0,1.0,0.4706768490955418,0.7747395833333334,GOOD
17.405143195299924,1.8717108329225278,0.44711010345947966,-9.844782349879476e-05,0.9991095059296402,0.0,1.0,0.48198843825076,0.7747395833333334,GOOD
17.425571767125394,1.8200694566615367,0.41973310435106126,-0.0001227132971055453,0.999140341728399,0.0,1.0,0.47387386379505964,0.7747395833333334,GOOD
17.446000338950864,1.5993093955531412,0.32537782709389707,-0.00015919764995876354,0.9992170655069649,0.0,1.0,0.43650300600034303,0.7747395833333334,GOOD
17.466428910776333,1.0835473138601663,0.18506070075599673,-0.0002177828410092221,0.9993225465473928,0.0,1.0,0.3927152733775363,0.7747395833333334,GOOD
17.486857482601803,0.28518378018167667,0.07362997183535125,-0.00033888230276776874,0.9995273937488572,0.0,1.0,0.3317528166509207,0.7747395833333334,GOOD
17.507286054427272,-0.1442393451019981,0.16643877025658907,-0.00040929757264022667,0.9993808380360347,0.0,1.0,0.3327618391847463,0.7747395833333334,GOOD
17.52771462625274,-0.44764813111223944,0.1986382787030083,-0.00042718190603710174,0.999459553456061,0.0,1.0,0.35077868392018535,0.7747395833333334,GOOD
17.54814319807821,-0.5750223771135792,0.21645171757299905,-0.000488356983638742,0.9993144031686092,0.0,1.0,0.3615772504760226,0.7747395833333334,GOOD
17.56857176990368,-0.5833358361866733,0.21999266103789425,-0.0005311319686771634,0.9993037613154451,0.0,1.0,0.3598582003783826,0.7747395833333334,GOOD
17.58900034172915,-0.43456225227393974,0.25864639827197416,-0.0005337413622767819,0.9992864814046556,0.0,1.0,0.346297693872999,0.7747395833333334,GOOD
17.60942891355462,-0.08028028495890072,0.3434602173852724,-0.0004441150815874143,0.999367299520961,0.0,1.0,0.34221287568556585,0.7747395833333334,GOOD
17.62985748538009,0.545600797088931,0.40204604296463775,-0.00027100582012927,0.9992309529392656,0.0,1.0,0.36156282570656734,0.7747395833333334,GOOD
17.65028605720556,1.27361197436399,0.2818679084516683,0.0003385048058713464,0.9995967754806091,0.0,1.0,0.48051467303105316,0.7747395833333334,GOOD
17.67071462903103,1.5942497281927879,0.26685059392708343,0.00039812689153950244,0.9995758933896313,0.0,1.0,0.4980922296460176,0.7747395833333334,GOOD
17.691143200856498,1.7689123423357467,0.29334451676744555,0.0003301004815210729,0.9994555150675081,0.0,1.0,0.4975064092438828,0.7747395833333334,GOOD
17.711571772681967,1.7438530203385298,0.3002047623782399,0.00026429050658297,0.9995619251014936,0.0,1.0,0.49372883894480313,0.7747395833333334,GOOD
17.732000344507433,1.5149187519897036,0.4344794094445614,6.550563049242944e-05,0.9996083643004556,0.0,1.0,0.47948542470646904,0.7747395833333334,GOOD
17.752428916332903,0.9912068269684031,0.4580547668107722,-0.00018753778200982326,0.9996579541412223,0.0,1.0,0.4551872238392794,0.7747395833333334,GOOD
17.772857488158373,0.36746616113949937,0.3350380883737923,-0.00023438241109127468,0.9996448797119811,0.0,1.0,0.4522851512329726,0.7747395833333334,GOOD
17.793286059983842,-0.1341029562798924,0.24118651940987199,-0.00029942580625197336,0.9997595882760456,0.0,1.0,0.4594494617376029,0.7747395833333334,GOOD
17.81371463180931,-0.5201931329911105,0.18786458747211562,-0.00033476007296378055,0.9998130031744183,0.0,1.0,0.4738575054806659,0.7747395833333334,GOOD
17.83414320363478,-0.6623106683850861,0.21532157472808366,-0.0004055414991399935,0.9998498967880046,0.0,1.0,0.479653976472625,0.7747395833333334,GOOD
17.85457177546025,-0.668418490060689,0.23928600800034874,-0.00044450600115313304,0.999867243040203,0.0,1.0,0.48010561890477266,0.7747395833333334,GOOD
17.87500034728572,-0.4973369637021434,0.19279269487659617,-0.0004099595991159289,0.9998125485683764,0.0,1.0,0.4754134254978662,0.7747395833333334,GOOD
17.89542891911119,-0.09012070189074546,0.11418449807855065,-0.00032761068893698015,0.9996958733466926,0.0,1.0,0.47218313190320504,0.7747395833333334,GOOD
