timestamp,offline_filtered_x,causal_filtered_x,offline_acceleration_x,causal_acceleration_x,method_code
0.0,-3.5910368181937456e-09,1.6212740006039342e-22,-6.130517269077507e-05,nan,0.0
0.03333333333333333,8.160727477864635e-08,1.0163427999872193e-08,-4.655873550817176e-05,nan,0.0
0.06666666666666667,1.4398448707579142e-07,5.4906158277695596e-08,-3.181229832556845e-05,3.1121372050156236e-05,0.0
0.1,1.6925028692671454e-07,1.2712514765861978e-07,-1.706586114296507e-05,2.4728633192790695e-05,0.0
0.13333333333333333,1.6180444255209952e-07,1.6753806413208335e-07,-2.3194239603617037e-06,-2.8625465616714548e-05,0.0
0.16666666666666666,1.4588957103921611e-07,1.4573607708762528e-07,7.436598588669693e-06,-5.599341316612949e-05,0.0
0.2,1.5316848278889543e-07,1.0340101950693302e-07,9.454834001009278e-06,-1.8479763482610748e-05,0.0
0.23333333333333334,2.0217515165489495e-07,8.787712112153377e-08,-1.4373263688769022e-06,2.413004327576368e-05,0.0
0.26666666666666666,2.8193302172390245e-07,1.0829912049932863e-07,-2.398623413240282e-05,3.2351307986874715e-05,0.0
0.3,3.498129409649261e-07,1.5091458850413669e-07,-4.961104137453654e-05,1.9974121764311886e-05,0.0
0.3333333333333333,3.4710153129548646e-07,1.8500181130651632e-07,-6.56499805842104e-05,-7.675420682185581e-06,0.0
0.36666666666666664,2.2738111853371516e-07,1.6206479208307122e-07,-6.162803403041869e-05,-5.1321817823242286e-05,0.0
0.4,-1.5419093502833996e-08,4.0737600141666984e-08,-3.545970174745617e-05,-8.855115544616302e-05,0.0
0.43333333333333335,-3.3535209181757903e-07,-1.8011033948910216e-07,3.917944610236803e-06,-8.956867292042855e-05,0.0
0.4666666666666667,-6.489414728698712e-07,-4.5167095277097466e-07,3.96171744745876e-05,-4.564140628599303e-05,0.0
0.5,-8.723449506286404e-07,-6.930156593282513e-07,5.4919973494620026e-05,2.719431605213624e-05,0.0
0.5333333333333333,-9.642019780760134e-07,-8.257729291218436e-07,4.2768008203448474e-05,9.772869308731597e-05,0.0
0.5666666666666667,-9.508832062290418e-07,-8.128405053287982e-07,1.1431216646056144e-05,0.00013112072422797398,0.0
0.6,-9.165771351332885e-07,-6.822293634066617e-07,-1.7624367069233068e-05,0.00010591084631618207,0.0
0.6333333333333333,-9.575237400337662e-07,-5.178951626968035e-07,-1.9921524200056346e-05,3.0350752908949534e-05,0.0
0.6666666666666666,-1.1202484799994225e-06,-4.1617972622582255e-07,1.8100602869727663e-05,-5.6356887814989596e-05,0.0
0.7,-1.356701635303052e-06,-4.2776335942155667e-07,8.868519075192152e-05,-0.00010196916270004358,0.0
0.7333333333333333,-1.5258411502642284e-06,-5.162912297230321e-07,0.00016251750163534092,-6.92498133951672e-05,0.0
0.7666666666666667,-1.450271817746431e-06,-5.604816469896934e-07,0.00020073129248771184,3.990370773133275e-05,0.0
0.8,-1.0067415679813412e-06,-4.071841357813097e-07,0.00017464972529094655,0.0001777391356275402,0.0
0.8333333333333334,-2.059605571636658e-07,4.466782227184869e-08,8.349824021097449e-05,0.0002686990021602973,0.0
0.8666666666666667,7.851038790220463e-07,7.710645870987472e-07,-4.0324010996237526e-05,0.0002470903260963662,0.0
0.9,1.7013607249991234e-06,1.6045602407308084e-06,-0.000143657818693407,9.638899992464651e-05,0.0
0.9333333333333333,2.299685341372434e-06,2.291240531497758e-06,-0.00017881577655379124,-0.00013213382657860056,0.0
0.9666666666666667,2.4841009224334016e-06,2.60481111909399e-06,-0.0001311922706629271,-0.00033579873285364593,0.0
1.0,2.366232861331925e-06,2.464007040225949e-06,-3.2769389673362335e-05,-0.0004089371998178457,0.0
1.0333333333333334,2.21573496725035e-06,1.988011608006582e-06,4.8727928744773304e-05,-0.000301672218016192,0.0
1.0666666666666667,2.3101961842342068e-06,1.4481482966389263e-06,4.3242848011577006e-05,-5.748109123346255e-05,0.0
1.1,2.7533508208377593e-06,1.1257803623080384e-06,-8.061675370279254e-05,0.00019574583933309355,0.0
1.1333333333333333,3.361193217511208e-06,1.1417093194250801e-06,-0.0002890216498028329,0.000304467202303136,0.0
1.1666666666666667,3.695108105093685e-06,1.3504495904213484e-06,-0.0004885999637794469,0.00017353018249130324,0.0
1.2,3.251790474086382e-06,1.3726189920807543e-06,-0.0005670255902970879,-0.00016791378240317554,0.0
1.2333333333333334,1.7322544552981952e-06,7.730995076979321e-07,-0.000451841721165426,-0.0005595199974380037,0.0
1.2666666666666666,-7.468333434392015e-07,-6.892257026187745e-07,-0.00015752828631967125,-0.0007765251533405026,0.0
1.3,-3.6282514276394224e-06,-2.8687610002691353e-06,0.00020781496912855325,-0.0006454890786002779,0.0
1.3333333333333333,-6.122088330803026e-06,-5.217190574107273e-06,0.0004869373434166847,-0.00015200484856901284,0.0
1.3666666666666667,-7.569598582454759e-06,-6.985390277765263e-06,0.0005527193409911873,0.0005222068831621453,0.0
1.4,-7.78526768970956e-06,-7.568763083217208e-06,0.0003833650244923096,0.001066344208385434,0.0
1.4333333333333333,-7.181635201646291e-06,-6.827727033546427e-06,9.019483102109369e-05,0.0011919679696104541,0.0
1.4666666666666666,-6.571618695795281e-06,-5.200357052944514e-06,-0.00012585567241764882,0.0007977005378380261,0.0
1.5,-6.7086005641783576e-06,-3.5106550125163877e-06,-7.658373117273469e-05,5.609885384358136e-05,0.0
1.5333333333333334,-7.784380031129333e-06,-2.5320666328183837e-06,0.0003002929678079201,-0.0006400022946571057,0.0
1.5666666666666667,-9.167465499808864e-06,-2.5150563754996576e-06,0.0008795734391314425,-0.0008654203101413475,0.0
1.6,-9.57684120372734e-06,-2.9438395938317402e-06,0.0013826259207335321,-0.0004012141280857267,0.0
1.6333333333333333,-7.673080524719243e-06,-2.702742025805757e-06,0.0015044806755283393,0.000602892707722259,0.0
1.6666666666666667,-2.80883954888306e-06,-6.308753409437816e-07,0.001078336404497818,0.001647692205152387,0.0
1.7,4.454279967133212e-06,3.7807475875460665e-06,0.00019127295488747926,0.0021057806192651056,0.0
1.7333333333333334,1.2391488470470477e-05,9.919435082965784e-06,-0.0008220296315947704,0.0015543581102368516,0.0
1.7666666666666666,1.879169533128513e-05,1.611400612285421e-05,-0.0015241985156649303,5.0295190021874286e-05,0.0
1.8,2.1991422525148445e-05,2.0288782853019456e-05,-0.0015999211763676785,-0.0018178148787508926,0.0
1.8333333333333333,2.174690348984929e-05,2.094400368928207e-05,-0.0010470247787873251,-0.003167600304512357,0.0
1.8666666666666667,1.9433271262706628e-05,1.7971378799943142e-05,-0.00022069679217936292,-0.0032650611530413813,0.0
1.9,1.7357363899802076e-05,1.282612553554241e-05,0.0003179973691738985,-0.001955365537555649,0.0
1.9333333333333333,1.7437708503301488e-05,7.861584296489184e-06,9.560623758784636e-05,0.00016264082281278682,0.0
1.9666666666666666,1.9905478584485423e-05,5.073448691446633e-06,-0.0009809650546252124,0.0019587650706095836,0.0
2.0,2.2776360876315413e-05,4.8742092283215785e-06,-0.0024982809793118745,0.0023300065277257575,0.0
2.033333333333333,2.253106025128194e-05,5.602318874061442e-06,-0.003675835081270924,0.0008346141979784285,0.0
2.066666666666667,1.58311371838374e-05,4.169843381128202e-06,-0.0037366971610193703,-0.0019445266248057772,0.0
2.1,1.4832116477143241e-06,-2.32611276018336e-06,-0.0023391467515114714,-0.004557132583540509,0.0
2.1333333333333333,-1.840597798822732e-05,-1.477774986685569e-05,0.0001627092479178662,-0.005360112868824729,0.0
2.1666666666666665,-3.886067085523379e-05,-3.102233913887306e-05,0.0028024589070507824,-0.0034136569488105615,0.0
2.2,-5.4068295444860496e-05,-4.630028548787114e-05,0.004436488850656526,0.0008699786307175486,0.0
2.2333333333333334,-6.013631439453448e-05,-5.5211505612436356e-05,0.004341946140383809,0.005730053601989391,0.0
2.2666666666666666,-5.7157531332742075e-05,-5.4327277568478046e-05,0.0026678265007632775,0.008815903351671239,0.0
2.3,-4.93389372553291e-05,-4.4115919772919266e-05,0.00046359885623339106,0.008394416776440483,0.0
2.3333333333333335,-4.2846674450053345e-05,-2.901654939921208e-05,-0.0007957444997993497,0.004399211320333387,0.0
2.3666666666666667,-4.225206720233767e-05,-1.5353188327768026e-05,1.181335947886533e-06,-0.0012924083720366399,0.0
2.4,-4.738960154988043e-05,-7.94595209412781e-06,0.002894454688399032,-0.0056305123540234935,0.0
2.433333333333333,-5.2488303109983717e-05,-7.139669988604688e-06,0.006638139368533108,-0.005940858715305426,0.0
2.466666666666667,-4.8448400336368705e-05,-8.000089115222737e-06,0.009177326941828212,-0.0015000311089270447,0.0
2.5,-2.7500400539909702e-05,-2.477135550503329e-06,0.008658382306869283,0.005745035422203703,0.0
2.533333333333333,1.1977406809398848e-05,1.6214103650295667e-05,0.004490496667444947,0.011851457072471712,0.0
2.566666666666667,6.314719605750921e-05,4.9112831656059435e-05,-0.0021260055100303108,0.012786739924467909,0.0
2.6,0.00011258554593051383,8.944237727445534e-05,-0.00857987756878598,0.006687735851369324,0.0
2.6333333333333333,0.00014594924159586092,0.00012450474652349507,-0.012061805990449499,-0.004740458732420606,0.0
2.6666666666666665,0.00015487302576276896,0.00014112109049946634,-0.011057486957263073,-0.016601422745761717,0.0
2.7,0.00014148055214722077,0.00013216016638137193,-0.006329871368463919,-0.023019541284659016,0.0
2.7333333333333334,0.00011769681483876017,0.000100724524862391,-0.000768148312839011,-0.02022724566079799,0.0
2.7666666666666666,9.904882588656445e-05,5.936364086466008e-05,0.0019768819462359275,-0.008932718230875047,0.0
2.8,9.568248973959162e-05,2.4071533513588973e-05,-0.0005159233251443214,0.005461898981993869,0.0
2.8333333333333335,0.00010528397016371416,5.702276338338009e-06,-0.007844467940448616,0.015230565158238354,0.0
2.8666666666666667,0.00011221556946689246,3.261636366449087e-06,-0.01654050619503987,0.014335755483025623,0.0
2.9,9.432647649381412e-05,3.1294272922537274e-06,-0.02151557549498356,0.002077587807924221,0.0
2.933333333333333,3.4809708571652495e-05,-1.4467495928896557e-05,-0.01864012955218125,-0.015718242732259545,0.0
2.966666666666667,-6.674568468801754e-05,-6.428897043697266e-05,-0.00718657082002958,-0.02900209615823265,0.0
3.0,-0.00019038569339249406,-0.0001457966797959201,0.009241652824513653,-0.028517611365784803,0.0
3.033333333333333,-0.0003021729016550437,-0.00023966900474218809,0.024028234502651093,-0.011128154028588588,0.0
3.066666666666667,-0.0003689207281546025,-0.00031412215957811224,0.030697159254658987,0.017477253099310353,0.0
3.1,-0.00037437850875201754,-0.00033903211916284546,0.026409628838835415,0.04458887572607097,0.0
3.1333333333333333,-0.0003282086164890746,-0.00030123476796598784,0.013913033235638335,0.05643657970343216,0.0
3.1666666666666665,-0.00026191128649877336,-0.00021279201062985426,0.0006474186498782984,0.04558086552534867,0.0
3.2,-0.0002123121777394658,-0.00010676604103014277,-0.004882822152660583,0.015824891037218868,0.0
3.2333333333333334,-0.00020024055236034536,-2.1220466475091617e-05,0.0021739904598909385,-0.01843235554019304,0.0
3.2666666666666666,-0.00021575874198115203,2.1197102959615464e-05,0.01969276405441067,-0.03881520460830994,0.0
3.3,-0.00021921759320942428,2.727657104655637e-05,0.03869193092403559,-0.032704291212989796,0.0
3.3333333333333335,-0.00015986164117129476,3.2145027420949556e-05,0.047317244666761446,-0.0010899105412930069,0.0
3.3666666666666667,-4.141996501185293e-06,8.156314524652963e-05,0.037017313760541896,0.040094695306068275,0.0
3.4,0.000240636163989144,0.00020521497366941016,0.007790414709128752,0.0668103395375709,0.0
3.433333333333333,0.0005211481151387059,0.0003946947490624102,-0.03053046882509966,0.05924515227310796,0.0
3.466666666666667,0.0007568778747768508,0.0005992188276833777,-0.062203559380555655,0.013539872905168235,0.0
3.5,0.000875960490484957,0.0007440765678841329,-0.07324609929748377,-0.05369970457818855,0.0
3.533333333333333,0.000850752900381953,0.0007649348365495666,-0.059107223146856444,-0.11159952438179023,0.0
3.566666666666667,0.0007137426921013396,0.0006414120833616019,-0.028111880525904413,-0.12994291966805713,0.0
3.6,0.0005427598895601728,0.0004115234360377852,0.0017726766815082415,-0.09572930472226825,0.0
3.6333333333333333,0.00042002138094519663,0.00015673181071747982,0.011916797068000027,-0.02241268019684002,0.0
3.6666666666666665,0.00038462168857021336,-3.7768584905202595e-05,-0.006484238027400634,0.054262106727861054,0.0
3.7,0.00040425059780499305,-0.00012863093146009015,-0.04604536882717507,0.0932742441610165,0.0
3.7333333333333334,0.0003845749879525435,-0.0001412303174363466,-0.08503044900454101,0.07043666452076694,0.0
3.7666666666666666,0.00021617717771515283,-0.00016049869248848254,-0.09746246733356233,-0.006002090168291571,0.0
3.8,-0.00016197712106725583,-0.00028618248154107015,-0.06700103955164331,-0.09577387260040719,0.0
3.8333333333333335,-0.0007155697677369644,-0.0005728530601954046,0.002586828229506982,-0.14488811064156873,0.0
3.8666666666666667,-0.0013127669121270264,-0.000986186317408767,0.08658028693874209,-0.11399641070312877,0.0
3.9,-0.0017741843357463964,-0.001402201746077699,0.14978315191679809,-0.0024139543100125654,0.0
3.933333333333333,-0.0019545889260475426,-0.0016559177700200445,0.1639975661638592,0.1460694642539289,0.0
3.966666666666667,-0.0018159683999054842,-0.0016194610013554615,0.12376401094711033,0.26115551334623527,0.0
4.0,-0.0014513821496712283,-0.0012708911416866673,0.05150962953492655,0.2809017819037907,0.0
4.033333333333333,-0.0010411358119738203,-0.0007152227942817454,-0.012006750171731358,0.18638863896251628,0.0
4.066666666666666,-0.0007578518491468769,-0.00014061116648974507,-0.028459107707241728,0.017048952348370564,0.0
4.1,-0.0006671771555483856,0.00027379284080520955,0.016180918099358392,-0.14418685844734205,0.0
4.133333333333334,-0.0006789045353706798,0.00045325422053903587,0.10063577278730135,-0.2114483648050185,0.0
4.166666666666667,-0.0005820252900122844,0.00047388503170741486,0.17560096401728345,-0.14294751170889738,0.0
4.2,-0.00015482906340876543,0.000528642170858898,0.18756123169805247,0.03071369518479391,0.0
4.233333333333333,0.0007015395660570165,0.0008221558164098837,0.10805994569896339,0.21488085575955393,0.0
4.266666666666667,0.0018771282509750823,0.0014442371186058848,-0.04701757483482824,0.2957108909805159,0.0
4.3,0.0030685578008064433,0.002289933702923142,-0.2199604705345427,0.20125375390913197,0.0
4.333333333333333,0.0039004489528711816,0.003076762212864477,-0.336797441164402,-0.05298126693833038,0.0
4.366666666666666,0.004100109255515724,0.003462486662760254,-0.3446505345667678,-0.36099365404100486,0.0
4.4,0.0036373653638757716,0.0032119680823115672,-0.24182466882469072,-0.5726187273100078,0.0
4.433333333333334,0.0027503239832180806,0.0023284927142825326,-0.0833499065951728,-0.5696611088223155,0.0
4.466666666666667,0.0018312529904702592,0.001074409354602057,0.04382790114043139,-0.33354719248629905,0.0
4.5,0.001220489231543627,-0.00014229841487439082,0.06581189456611702,0.03363803118362504,0.0
4.533333333333333,0.001012096582105721,-0.0009682490796100809,-0.03556396215573999,0.3516813942666845,0.0
4.566666666666666,0.0009801448939920517,-0.0012916508757324207,-0.20608963900854918,0.4522939817520185,0.0
4.6,0.0006803054602385684,-0.0013121144472677967,-0.34073432538236353,0.27264440212826935,0.0
4.633333333333334,-0.00030902990465315593,-0.001442191535881666,-0.33596884726412835,-0.09865216537064038,0.0
4.666666666666667,-0.0021230813070190237,-0.0020765045558781958,-0.1476773325538481,-0.45381233824439443,0.0
4.7,-0.0044676266948989575,-0.003341501759860058,0.17645269034641695,-0.5676157655868034,0.0
4.733333333333333,-0.006690293653395277,-0.004962694704179907,0.5107062886716914,-0.3205761663041908,0.0
4.766666666666667,-0.008053498897929758,-0.006337551574884795,0.708972444161823,0.22170246625346746,0.0
4.8,-0.00808491491168068,-0.0067995726481921755,0.6796821695580598,0.8215522176577615,0.0
4.833333333333333,-0.006825460064507455,-0.005952743157246887,0.43913700351081303,1.1779655078274107,0.0
4.866666666666666,-0.0048311978385718966,-0.003903465321208192,0.11189834746190419,1.082203510584074,0.0
4.9,-0.0029043299388443857,-0.0012537884249179026,-0.12753072471240584,0.5403591542263682,0.0
4.933333333333334,-0.0016735373496991799,0.001165070320223391,-0.1460211506550157,-0.2077363360340318,0.0
4.966666666666667,-0.001238632944913874,0.0027008226331319855,0.07036678235016187,-0.7947957890094347,0.0
5.0,-0.0010815610009777272,0.0032223008128750147,0.39612891400301137,-0.9128467198490152,0.0
5.033333333333333,-0.00032079687647351956,0.0032027814755900596,0.6208748650218253,-0.4868977653251894,0.0
5.066666666666666,0.0017943109063123354,0.0034731918828946155,0.5568544340133692,0.2609367701305619,0.0
5.1,0.005395798567480146,0.0047475825944803575,0.14632503226382823,0.9035822738530739,0.0
5.133333333333334,0.009785860585864597,0.007159230997557239,-0.4899050466761526,1.0235319223419612,0.0
5.166666666666667,0.01365031698288475,0.010065621821802501,-1.0954921786395548,0.44526817905159816,0.0
5.2,0.015629458709705883,0.012261188225770518,-1.3993699365813626,-0.6397419782495258,0.0
5.233333333333333,0.01497767866523168,0.012528743649386297,-1.2568140983721392,-1.7352098823170263,0.0
5.266666666666667,0.011967581352879418,0.010268409784053984,-0.7363371693086876,-2.2751003600532984,0.0
5.3,0.0077982500203345765,0.005873147301249066,-0.09997198285113149,-1.9214357557253587,0.0
5.333333333333333,0.004012512718529799,0.000623378708856398,0.3227162248729373,-0.7690554986289805,0.0
5.366666666666666,0.0016948659598726313,-0.0038890869576177056,0.30867429011300357,0.6635726333267132,0.0
5.4,0.0008668355555762472,-0.006541628628861829,-0.12666046993159819,1.673931595707035,0.0
5.433333333333334,0.000428752501672226,-0.007263195182955362,-0.7155249571227609,1.7378776054354568,0.0
5.466666666666667,-0.0012678680465555096,-0.007085149625760025,-1.061330123072048,0.8096509001599885,0.0
5.5,-0.005469926195694247,-0.007585005090735961,-0.8457588500318537,-0.6101109199541497,0.0
5.533333333333333,-0.012179078698252585,-0.009971709249197505,-0.014924954632751881,-1.6981638241370598,0.0
5.566666666666666,-0.019890386936931986,-0.014281543970005393,1.1587877163863554,-1.730817506111721,0.0
5.6,-0.026119753499784324,-0.019139955064019873,2.18508053602143,-0.49371873588593723,0.0
5.633333333333334,-0.02851899017884645,-0.022281339615768038,2.5921935288299776,1.5453238880397495,0.0
5.666666666666667,-0.026039609932778856,-0.021625159621989864,2.1758813792937426,3.4178080909736086,0.0
5.7,-0.01952884215052644,-0.01638442322460187,1.1276829360689202,4.126100763248866,0.0
5.733333333333333,-0.011390629683121463,-0.007613769090542014,-0.03772425060422191,3.1769259630046993,0.0
5.766666666666667,-0.004415627774347434,0.0021493775411582094,-0.7348146678392461,0.8932432478763379,0.0
5.8,-0.00034213092204799476,0.010039942785711374,-0.6185898522697546,-1.6853232484323657,0.0
5.833333333333333,0.0010954787712828947,0.014266515740792199,0.20848837310201368,-3.2975930605251293,0.0
5.866666666666666,0.0020725019040300427,0.015027190729349538,1.215678575157517,-3.119308169871159,0.0
5.9,0.0054950080562861554,0.014406986113787875,1.699258165182988,-1.2427916437070798,0.0
5.933333333333334,0.013284748293567922,0.01522959289216887,1.1567600005791312,1.2985302545483695,0.0
5.966666666666667,0.025019060922935314,0.01940220439407729,-0.4121083731250936,3.0150042511747044,0.0
6.0,0.037706828123437605,0.026616588713949858,-2.4476991254428615,2.737595536167751,0.0
6.033333333333333,0.04693786740849637,0.0341544980182818,-4.069227672598839,0.2911724860134387,0.0
6.066666666666666,0.0489220888664539,0.03801397192371027,-4.507947141748023,-3.310591859013146,0.0
6.1,0.04241130412163842,0.03487622822338017,-3.5185683248835478,-6.297495845182756,0.0
6.133333333333334,0.02947140184872416,0.02393376005070757,-1.545884695106107,-7.024252025107948,0.0
6.166666666666667,0.014602441982685876,0.007586779166001045,0.46336684420992247,-4.864061440830761,0.0
6.2,0.0025500188498367524,-0.00946304844346073,1.531249885971602,-0.6325620522797304,0.0
6.233333333333333,-0.004117576489585554,-0.022371614913887432,1.1713118755957383,3.7271350251315916,0.0
6.266666666666667,-0.006380313746361502,-0.028512411126875855,-0.31460365282315295,6.090993231694495,0.0
6.3,-0.008265294785658892,-0.02879294180461507,-1.944185769144983,5.274238981724323,0.0
6.333333333333333,-0.014600969652933192,-0.027145817834386708,-2.542056450904814,1.734889183170834,0.0
6.366666666666666,-0.028110909884297715,-0.028336071441861593,-1.3745609651885335,-2.553639819932942,0.0
6.4,-0.04738068611666821,-0.0351487402618862,1.3989594423199356,-5.060173691294552,0.0
6.433333333333334,-0.06688873823693148,-0.046443665491650576,4.717476590482611,-4.034030768765935,0.0
6.466666666666667,-0.07927791098308751,-0.05721803076811902,7.093785575458923,0.46850395796634303,0.0
6.5,-0.07885167347376647,-0.060825663967534985,7.35845147540574,6.450058869347281,0.0
6.533333333333333,-0.06453709675157561,-0.052348616874318986,5.29479560819987,10.876212263368844,0.0
6.566666666666666,-0.04070138858409243,-0.031410711413178326,1.8164045734043246,11.214772531132274,0.0
6.6,-0.015232058811659437,-0.0028813877708514235,-1.442576887310881,6.832276363067669,0.0
6.633333333333334,0.004290124991695642,0.025075462415449338,-2.948571678789595,-0.5152261104241956,0.0
6.666666666666667,0.014415029803078547,0.04477453142232408,-2.090963121242623,-7.432003061482702,0.0
6.7,0.017598216040295406,0.05273381217578246,0.43586534594248005,-10.565809428074797,0.0
6.733333333333333,0.020836561232710868,0.05136992532093571,2.9286764308365245,-8.390850847474681,0.0
6.766666666666667,0.031687075135351864,0.04762859726971458,3.5404856051211397,-2.13969707673696,0.0
6.8,0.053643437401948685,0.0490877138034122,1.2911776763668033,4.680400126426916,0.0
6.833333333333333,0.08334151466322781,0.05947075461740742,-3.3096467907527534,8.031531852267888,0.0
6.866666666666666,0.11126829699708923,0.07596936163500267,-8.39211508582187,5.5040095832400775,0.0
6.9,0.12589149339468894,0.08997722054405372,-11.595318807338737,-2.2416732976901175,0.0
6.933333333333334,0.11928390644489606,0.09111893736811383,-11.266111220141685,-11.579527876491428,0.0
6.966666666666667,0.09137189229156792,0.07267384298523755,-7.37102703585091,-17.62813008624288,0.0
7.0,0.050462747516959575,0.03560007146815003,-1.6146680864138738,-16.765809420790227,0.0
7.033333333333333,0.009524268906779446,-0.011095879505922487,3.3529048215481274,-8.659961511286566,0.0
7.066666666666666,-0.020083682746690604,-0.054111437531899356,5.277942680355636,3.312353653286109,0.0
7.1,-0.03425684025471443,-0.08202509897050338,3.513676764049887,13.59170692863566,0.0
7.133333333333334,-0.038133084236692046,-0.09079486718550003,-0.5560273009407393,17.22950390124673,0.0
7.166666666666667,-0.04314320952103645,-0.08563249348860463,-4.158449866001821,12.538927720702564,0.0
7.2,-0.06041772543600614,-0.07805327290412957,-4.565537625668296,2.175162198821712,0.0
7.233333333333333,-0.09388621792538757,-0.07940559077896771,-0.6030183112027185,-8.03838461338194,0.0
7.266666666666667,-0.13679730112657126,-0.09415630685502875,6.569342399329294,-12.058558381100699,0.0
7.3,-0.17380557120673712,-0.11655432307119669,13.874191046215302,-6.8825701260962555,0.0
7.333333333333333,-0.18793430389003524,-0.13272126706633056,17.788489127334245,5.607964998930704,0.0
7.366666666666666,-0.16906629327233605,-0.12744125242570956,16.156422988032592,19.302262772179517,0.0
7.4,-0.11957383437675465,-0.09234985925264654,9.40070757731847,26.83024067919681,0.0
7.433333333333334,-0.053933331309402185,-0.031246696033293872,0.45062670231241386,23.410593041661375,0.0
7.466666666666667,0.00783502562779996,0.04049794163515942,-6.653431114548167,9.577327004190638,0.0
7.5,0.04979660933860752,0.10252760670427649,-8.816450247944154,-8.743475339402666,0.0
7.533333333333333,0.06788639962340129,0.1389847109844959,-5.551553260763724,-23.01530471000805,0.0
7.566666666666666,0.07163675658757292,0.14607993207964667,0.6587941106100998,-26.42569486656198,0.0
7.6,0.0786291448073308,0.13366633250051838,5.570756221365984,-17.55793860685128,0.0
7.633333333333334,0.10426839510480786,0.11969343444018106,5.402623286608517,-1.4033686330877717,0.0
7.666666666666667,0.15213332686250414,0.12014572906640571,-1.0543608319130948,12.982673417905351,0.0
7.7,0.21016268602258126,0.13962837210217113,-11.572516814383626,17.12731356858682,0.0
7.733333333333333,0.2551316914999587,0.1677144200300215,-21.407982865720953,7.743064402876493,0.0
7.766666666666667,0.2635942993742536,0.183385011919029,-25.622138602946237,-11.173910434958634,0.0
7.8,0.22390737376085623,0.16570190935380702,-21.653700033455134,-30.018325008806766,0.0
7.833333333333333,0.14305418366546746,0.1054060811361062,-10.79205785161618,-38.35145308723122,0.0
7.866666666666666,0.04437581701184555,0.011317949498547086,2.289474293436366,-30.41307307787267,0.0
7.9,-0.04308899399324362,-0.09218879309601674,11.798075236051327,-8.476749861301714,0.0
7.933333333333334,-0.09848511637651067,-0.17585200146069035,13.779388311808377,17.859180806898596,0.0
7.966666666666667,-0.11910942519640387,-0.21918749003561278,8.238510395795505,36.294947810776335,0.0
8.0,-0.12105412095977011,-0.2201612181383972,-0.7420317742587348,38.12558442492447,0.0
8.033333333333333,-0.1297981344842407,-0.1956268664119418,-7.049868685819219,22.95727184631601,0.0
8.066666666666666,-0.16533147719697033,-0.1719172947072163,-5.776333917747254,-0.7423020195569345,0.0
8.1,-0.22954207445095795,-0.17017016218963077,4.024174581665011,-19.76619526842609,0.0
8.133333333333333,-0.30278781156056683,-0.19399064364611945,18.54242834632965,-23.010852576666966,0.0
8.166666666666666,-0.35204500429327784,-0.22618781133925897,30.91504621192323,-7.539017612985802,0.0
8.2,-0.34698817983835645,-0.23682703221826432,34.64634777104892,19.402152132720893,0.0
8.233333333333333,-0.2759468408967817,-0.19892364835279744,27.0286482438188,43.688344270025304,0.0
8.266666666666667,-0.1533256093031834,-0.10383694841556787,10.753707126530529,51.46498446458085,0.0
8.3,-0.014154720330302517,0.031841972835364496,-7.22249004692449,36.53299918233636,0.0
8.333333333333334,0.10199113507908714,0.1720395454158684,-19.091452517801763,4.06678619661443,0.0
8.366666666666667,0.16977113886286682,0.27725119190384206,-20.185058431327537,-31.487333483277453,0.0
8.4,0.18985703648796734,0.32301710443924414,-11.47009338324301,-53.501160557314805,0.0
8.433333333333334,0.1873016838651069,0.3113072816104069,0.8356615558783308,-51.72816182781576,0.0
8.466666666666667,0.19690926463110486,0.2686189062164176,8.444340643644084,-27.88069730863702,0.0
8.5,0.24292071542530108,0.23133197595463234,5.410902628398296,4.861300618983661,0.0
8.533333333333333,0.32365556209199603,0.2256192858283078,-8.507477029327996,28.41681612191483,0.0
8.566666666666666,0.4095847804178623,0.25238874607230954,-27.373340863111526,29.23393533329389,0.0
8.6,0.4565566136579692,0.28550644317500157,-41.85527310220931,5.71341317282128,0.0
8.633333333333333,0.4279363328735159,0.2848522361211995,-43.952317028547526,-30.394713740844917,0.0
8.666666666666666,0.3144141791761132,0.2179493554257731,-31.249574443084946,-59.62380627746228,0.0
8.7,0.1409571220676135,0.07907360122067614,-8.444126360360103,-64.77558615870397,0.0
8.733333333333333,-0.04331292864277214,-0.10442682010297194,14.77353202013386,-40.1622004066963,0.0
8.766666666666667,-0.18774294708954914,-0.2825808157376728,28.51407363791226,4.811783120060951,0.0
8.8,-0.2639741067267163,-0.4053386685968433,27.744620151510066,49.856528497967794,0.0
8.833333333333334,-0.2786318623278387,-0.4459924318457483,14.960402022321487,73.89368064923947,0.0
8.866666666666667,-0.2679666806383476,-0.4133607344338121,-1.0146219392281508,65.95691459475759,0.0
8.9,-0.2767950645684019,-0.34607702796396067,-9.60082740062257,31.18680815212391,0.0
8.933333333333334,-0.332449422995085,-0.29148205358191465,-4.116274764119411,-11.419858879024943,0.0
8.966666666666667,-0.4274544515474715,-0.27979951104192147,14.435496968375952,-38.62118865784784,0.0
9.0,-0.5205241099091987,-0.30711663217875307,37.51196431173616,-35.09969730914255,0.0
9.033333333333333,-0.5561357236249875,-0.33650315118280394,53.18210863968456,-1.8624580804973556,0.0
9.066666666666666,-0.49312605406483456,-0.31733847883276,52.24405150373719,43.69607221868563,0.0
9.1,-0.32762579752385756,-0.2132836323026211,33.16563926791459,76.40115676208602,0.0
9.133333333333333,-0.09807015071611208,-0.024400422777088426,3.213528059166636,76.34552669585494,0.0
9.166666666666666,0.13102280974890218,0.20854715758802633,-24.950716310549428,39.65793375562414,0.0
9.2,0.2988213362812292,0.42065089778416137,-39.57356265892482,-18.759456152081885,0.0
9.233333333333333,0.3764970526247308,0.5524846383515654,-35.805122037483855,-72.24299966585845,0.0
9.266666666666667,0.3794166177166458,0.5779043812405862,-18.24399666140915,-95.77259791054419,0.0
9.3,0.3565688690564328,0.515612167828932,1.3956692362069874,-78.9407606706047,0.0
9.333333333333334,0.3623405465530903,0.4181325122506586,10.4041801517288,-31.668697949957583,0.0
9.366666666666667,0.4251566648143622,0.3434818136926151,1.873184598194987,20.546061318207066,0.0
9.4,0.5295430130061347,0.32400978589754076,-21.385232947270417,49.66080368667261,0.0
9.433333333333334,0.6215619048749539,0.3487503158201554,-47.94229958774141,39.79130194592039,0.0
9.466666666666667,0.6355437290058119,0.36894642999909744,-63.44808936888927,-4.089974169305414,0.0
9.5,0.5287545783369931,0.32447254604955217,-58.06590315199468,-58.202998315638965,0.0
9.533333333333333,0.30605242173429054,0.177794085605342,-31.80100824403261,-91.98411884519906,0.0
9.566666666666666,0.02128368179574286,-0.06227149136371818,5.122801064735507,-84.04840487236561,0.0
9.6,-0.24605780951705292,-0.33991205999156976,37.169100017083544,-33.81749249291248,0.0
9.633333333333333,-0.4275341369486539,-0.5759860319796334,51.25371095209999,37.40993697580941,0.0
9.666666666666666,-0.4972260747169097,-0.7045107754007491,43.3919221009129,96.79430571025378,0.0
9.7,-0.4816752426872228,-0.7034938956347334,20.74250902551517,116.58746086841914,0.0
9.733333333333333,-0.4429087465979733,-0.6041196740224273,-2.11010354168659,88.521607661662,0.0
9.766666666666667,-0.4430906031688433,-0.47321033164718457,-10.807942844629695,28.381608686636078,0.0
9.8,-0.5091111694362487,-0.37769070627672635,1.1180259949846747,-31.850745304299135,0.0
9.833333333333334,-0.6158119169600375,-0.34933116725073166,28.587531418999124,-60.4440777100176,0.0
9.866666666666667,-0.6971442037725817,-0.36823361852950937,57.31626923842638,-42.53579127429546,0.0
9.9,-0.6800920520020675,-0.3740561965770152,71.07106420354128,11.771885908144753,0.0
9.933333333333334,-0.5241203095794034,-0.2995963137755522,60.14911866492375,72.25421476407251,0.0
9.966666666666667,-0.24560706934101198,-0.10949390444507334,26.680155093011138,104.07827387611496,0.0
10.0,0.08591345624184432,0.17626251099169216,-16.07948970612088,86.08860549565861,0.0
10.033333333333333,0.37847776838592606,0.48685470696174954,-50.21325268855251,22.352202479962838,0.0
10.066666666666666,0.5601379332462424,0.7316552947069973,-62.11796180907674,-59.21244740232908,0.0
10.1,0.6115363697794012,0.8423841552934925,-49.370187685651494,-120.66455444287816,0.0
10.133333333333333,0.5718214796422906,0.8049431691085321,-21.893326236745395,-133.352862094311,0.0
10.166666666666666,0.5147284385006203,0.6644508912259763,3.2546503841138374,-92.74616252783653,0.0
10.2,0.50711347105674,0.500640494296464,10.841255486589207,-20.98630714226105,0.0
10.233333333333333,0.5715047681527186,0.3861126608087765,-4.453243543670589,44.35430709764273,0.0
10.266666666666667,0.67238978223663,0.3489803387676481,-35.05096570688718,69.6559603019036,0.0
10.3,0.7338014658099611,0.3593920767835807,-64.22229382466931,42.789654051352244,0.0
10.333333333333334,0.6794955309179183,0.3471846063936048,-74.70534455203693,-20.357287565317773,0.0
10.366666666666667,0.47505907583441537,0.24173442986427118,-57.77787593375974,-83.91843552542258,0.0
10.4,0.14994751945349122,0.013339966476987541,-18.06637375232742,-110.64985817215579,0.0
10.433333333333334,-0.21245274939983605,-0.3056476047117364,28.465850389941,-81.53379702129686,0.0
10.466666666666667,-0.5122159506334841,-0.6314965087600246,62.396194173702625,-6.175199573607881,0.0
10.5,-0.6789341739718516,-0.8667367508230794,70.57500397060939,81.54779578671062,0.0
10.533333333333333,-0.702984365153118,-0.9458617307942921,52.69936117567525,140.50373588265893,0.0
10.566666666666666,-0.6360060156911558,-0.8657617642358119,21.308387761526774,143.3024518767247,0.0
10.6,-0.5604068364210528,-0.685209095179363,-4.835953547600802,90.40743224817236,0.0
10.633333333333333,-0.5437391369600724,-0.49356753520894325,-10.588011037243755,9.98000182257388,0.0
10.666666666666666,-0.6016964795393476,-0.3647938645269202,7.610723738096166,-56.581100359557425,0.0
10.7,-0.6890995541446607,-0.32047245117274137,39.78046772160982,-76.00703159506035,0.0
10.733333333333333,-0.723765161461199,-0.3210276779651179,67.52380431925917,-40.388976131900094,0.0
10.766666666666667,-0.6310413968150426,-0.28969229474115066,73.60497667837143,28.70154901470731,0.0
10.8,-0.38592253661565096,-0.15677802227462584,51.04410327232882,91.42100031830155,0.0
10.833333333333334,-0.03071318222858721,0.09886558157127256,7.004776925422041,110.456398241437,0.0
10.866666666666667,0.3412902028530258,0.43302823896162884,-40.57392517976241,70.66714819001258,0.0
10.9,0.6281216823329929,0.7531384020272431,-71.90301512793766,-12.647244892267855,0.0
10.933333333333334,0.7660324273092519,0.9607883353661724,-75.24717539501445,-101.21420675401728,0.0
10.966666666666667,0.757083253896604,0.9982111925125983,-52.70809356868706,-153.20436857325407,0.0
11.0,0.6634932480993647,0.8749706992227934,-18.9089950664361,-144.59701539260877,0.0
11.033333333333333,0.5719224511020307,0.661231525413088,6.733121393185235,-81.44881246791093,0.0
11.066666666666666,0.5463529586925349,0.45115575681077624,10.147452876646723,3.297064686654168,0.0
11.1,0.594057151202896,0.3153349798454509,-10.08357340919912,66.82949247328828,0.0
11.133333333333333,0.6622875018894745,0.26676035694943656,-42.026061926190756,78.52153866238048,0.0
11.166666666666666,0.6673445291816336,0.25775410181201375,-66.6586754942107,35.61153098273262,0.0
11.2,0.5408600634553704,0.20920173379631024,-67.85013834305536,-35.59150159045288,0.0
11.233333333333333,0.269183144863493,0.05666941405230577,-40.884274059949746,-93.58195655547152,0.0
11.266666666666667,-0.09470163544558496,-0.2107580839084196,4.875895511749536,-103.40566039503402,0.0
11.3,-0.4531138006281523,-0.5393052455888545,50.558842636537086,-55.00769734775031,0.0
11.333333333333334,-0.7084059043127572,-0.8330564860345806,77.22751924511519,31.3163291112382,0.0
11.366666666666667,-0.8077082178200428,-0.9988410926782113,75.3279780195438,115.16997042188665,0.0
11.4,-0.7649916114348425,-0.990533053540136,49.29453919920484,156.68338120353653,0.0
11.433333333333334,-0.6495175547588462,-0.8301732100743351,14.98159535972983,136.846623894954,0.0
11.466666666666667,-0.5470685501157553,-0.595293963666263,-8.700651170521933,67.06746264804458,0.0
11.5,-0.5142624169436198,-0.3792128392292391,-9.594849647794453,-16.91830977394353,0.0
11.533333333333333,-0.5495948771510341,-0.24485971909284698,11.512713693371994,-73.5552038705691,0.0
11.566666666666666,-0.5959783838267969,-0.1958154529030156,41.47680056329783,-76.77796855190522,0.0
11.6,-0.5731244701854824,-0.17913216322244851,61.792883443466735,-29.124878858338064,0.0
11.633333333333333,-0.4226859854758543,-0.11796547251480372,58.34744527945098,40.03506092437022,0.0
11.666666666666666,-0.14258877574208023,0.04333224451025347,28.867413286382355,90.1179236856718,0.0
11.7,0.20729047509998055,0.3053035612151366,-15.754632947889318,90.60623971184398,0.0
11.733333333333333,0.53106489019499,0.6083463206769462,-56.896680799324805,36.96429848123408,0.0
11.766666666666667,0.7410856428499507,0.8591894377992773,-77.55908825135647,-46.979678105541744,0.0
11.8,0.7979119786757528,0.975256364177177,-70.80366108868404,-121.29857166997384,0.0
11.833333333333334,0.7258430231366686,0.9241759572426469,-42.97444759465747,-150.4325999811879,0.0
11.866666666666667,0.5965964472773302,0.7383721887053132,-10.124791870439534,-121.25102544252411,0.0
11.9,0.4901027215681746,0.4976182744992219,10.419135401902613,-49.455131101882145,0.0
11.933333333333334,0.4529346992967467,0.28889454314997454,8.960458697843542,28.8271645711597,0.0
11.966666666666667,0.4757379913612263,0.16433803908952593,-11.772520128383329,75.75050455991943,0.0
12.0,0.5008858751504175,0.1186947117878408,-38.33119929766632,71.02185908288763,0.0
12.033333333333333,0.45582994888693174,0.0973109731131491,-53.7714931676273,21.833629764294237,0.0
12.066666666666666,0.2944393074867886,0.02982169659874445,-46.59761038739521,-41.49498405574194,0.0
12.1,0.024753179501959044,-0.12844765138023614,-16.799934993470416,-81.70206431811894,0.0
12.133333333333333,-0.2911431998534335,-0.3690323728266929,24.073673871301363,-74.08383612072903,0.0
12.166666666666666,-0.5648950027351427,-0.6309849380002135,58.76417513489472,-19.231059354357637,0.0
12.2,-0.7229120868392188,-0.8291122090758558,72.98414548816434,57.44276468809087,0.0
12.233333333333333,-0.7397096399019165,-0.8950917208045504,62.45680652683224,118.93298341225385,0.0
12.266666666666667,-0.6468887371437153,-0.8103599255450916,34.75351276454388,135.64017628933124,0.0
12.3,-0.5138205096547699,-0.6141871827349342,5.099848354747234,100.2968527956309,0.0
12.333333333333334,-0.41058609900812615,-0.383289285275906,-11.579835737719058,31.252639183983955,0.0
12.366666666666667,-0.3725126483970632,-0.19388559101566427,-8.234825327322202,-37.34478287890809,0.0
12.4,-0.3843490380653123,-0.08580599348578577,10.980960283415042,-73.19168705732743,0.0
12.433333333333334,-0.39162323598984305,-0.046737586801758546,33.222251147284915,-62.11007176126658,0.0
12.466666666666667,-0.33259767802397533,-0.023973568899192083,43.88613107474197,-14.67394990331479,0.0
12.5,-0.17380842052184003,0.04322492126620614,34.31193897286597,39.99102503654887,0.0
12.533333333333333,0.06930068159307867,0.18794010217892093,6.283777386306744,69.7650216725854,0.0
12.566666666666666,0.33710477392306226,0.3951693069591632,-28.901846365168637,56.262621480775124,0.0
12.6,0.5531357597246536,0.6069900447874714,-56.21041735678595,4.132379743259411,0.0
12.633333333333333,0.6597837165456142,0.7502893253209185,-64.43348620256428,-61.66931156537546,0.0
12.666666666666666,0.6441670852451296,0.7725210273872836,-51.65066304102492,-108.96082062037462,0.0
12.7,0.5414107490035942,0.6671493188495822,-25.867428933979767,-114.84306954366062,0.0
12.733333333333333,0.41437140866602395,0.47609271864134595,-0.6360366031725797,-77.11640250348191,0.0
12.766666666666667,0.32082220610570994,0.2684756649765595,11.97248749569979,-14.904408110884939,0.0
12.8,0.2851353569225303,0.10703291681529348,7.3944595933285395,41.55687495315761,0.0
12.833333333333334,0.2886704197126191,0.019446989806769593,-9.437393083867077,66.4711390374684,0.0
12.866666666666667,0.2830831761354884,-0.011134892959831458,-27.030445710524194,51.303639817730904,0.0
12.9,0.21892462529882253,-0.032362122959854855,-33.54488583978975,8.419187489919947,0.0
12.933333333333334,0.07430410857271477,-0.09363979846521654,-23.011171033721162,-36.04540095480471,0.0
12.966666666666667,-0.13120214053624746,-0.21726665055711772,1.6243097765047128,-56.11425892788594,0.0
13.0,-0.34425263170848386,-0.38466309228557183,30.089782647425746,-39.39263067289793,0.0
13.033333333333333,-0.5026816547305942,-0.5444324174678248,50.072596948916924,6.864404891581104,0.0
13.066666666666666,-0.564646561125514,-0.6376298802870515,53.403314485478546,59.91467612672406,0.0
13.1,-0.5271871301632607,-0.6269456111618881,39.97444451584649,93.49355874995176,0.0
13.133333333333333,-0.4252221337925914,-0.514877980871156,17.481532205044008,91.24502504901244,0.0
13.166666666666666,-0.3121987060632133,-0.3419956209933961,-2.740887907648855,54.733256628325435,0.0
13.2,-0.23283951313126486,-0.16674741546285388,-11.542780671971933,2.1292610875040894,0.0
13.233333333333333,-0.2020369108165201,-0.03756284381586855,-6.432030917981687,-41.45727049520149,0.0
13.266666666666667,-0.20028334430356023,0.028499480629664994,7.518711013592299,-56.81002248130866,0.0
13.3,-0.18722171079551503,0.050142167899285606,20.65632639635187,-39.977673458317696,0.0
13.333333333333334,-0.125613144800108,0.06783892077731789,23.95811987874545,-3.551340952429524,0.0
13.366666666666667,-0.0029956930036588725,0.11942909065547337,13.73413603210062,30.504075300111108,0.0
13.4,0.16005360034682115,0.21824912299103488,-6.555092189511081,42.50687621166573,0.0
13.433333333333334,0.3189182386245515,0.34496525201118106,-28.18774220704086,25.106487016126362,0.0
13.466666666666667,0.42614435351904106,0.4568678340586693,-41.6858086433886,-13.332192275392213,0.0
13.5,0.45376222767925745,0.5093429098131019,-41.55822810571449,-53.48475566375046,0.0
13.533333333333333,0.4054717018074131,0.4782133708205226,-28.873880812771823,-75.24415327231127,0.0
13.566666666666666,0.3129768786627818,0.37158956170147106,-10.449263491672887,-67.94484311382551,0.0
13.6,0.21897293092723594,0.22558652490951747,4.802298319096658,-35.44130490561208,0.0
13.633333333333333,0.15590529845301032,0.08662533924036306,10.399205064151127,6.337666010519292,0.0
13.666666666666666,0.13134807379963503,-0.010308631402288881,5.375126080901576,37.82449352385251,0.0
13.7,0.12701155739378256,-0.05643554022759058,-5.5751347153030295,45.72635563561554,0.0
13.733333333333333,0.11116911586171657,-0.06996279427641587,-14.82869126636488,29.339689298828972,0.0
13.766666666666667,0.05749646567014147,-0.08324026288749925,-15.9324968527063,0.22480689396835488,0.0
13.8,-0.039628759751510645,-0.12352339603721958,-6.926894215386312,-24.305098084773416,0.0
13.833333333333334,-0.161086671531188,-0.19748366840726128,8.758427138839588,-30.309425298289455,0.0
13.866666666666667,-0.2719021696229809,-0.2872417351155173,24.18705785068806,-14.218014904393003,0.0
13.9,-0.338094176766657,-0.35949481985199455,32.50576285890721,15.754483774601033,0.0
13.933333333333334,-0.3426945197417679,-0.38258122822462337,30.354030464301527,44.2500087274639,0.0
13.966666666666667,-0.2929355035960781,-0.3425063848139375,19.381525595839445,56.8451266049836,0.0
14.0,-0.21540510707485103,-0.24985213163691822,5.195330124536841,47.32146878970045,0.0
14.033333333333333,-0.1421634652009228,-0.13443744060186386,-5.61265961302528,20.4843940722317,0.0
14.066666666666666,-0.09520576093128896,-0.030905530159875877,-8.770568475668219,-10.694502533759824,0.0
14.1,-0.07711069312835876,0.03717430773840265,-4.285624333206652,-31.906865289338736,0.0
14.133333333333333,-0.07219128168308378,0.06672507186673252,3.85894690962902,-34.67616639295404,0.0
14.166666666666666,-0.056941119374913716,0.07379321513628496,9.99863196996623,-20.23435877289982,0.0
14.2,-0.013935330627270343,0.08273346183407596,9.81192246648997,1.6848930854147002,0.0
14.233333333333333,0.05810082416455159,0.11197489376302491,2.5077667158107486,18.2710667080423,0.0
14.266666666666667,0.1430311566764664,0.16380060281225192,-8.888175087792504,20.325849408247365,0.0
14.3,0.21512059231575048,0.2231507616276561,-19.198801892977297,6.772004789561797,0.0
14.333333333333334,0.2515787945257646,0.26562750685389575,-23.775153586482407,-15.186072230248175,0.0
14.366666666666667,0.24331387052852604,0.2702042982386498,-20.7894630294653,-34.1099584573373,0.0
14.4,0.19859589317381415,0.22997753304321442,-12.007996583840928,-40.32320092217074,0.0
14.433333333333334,0.1381586074014635,0.15560873248555085,-1.7347194034429814,-30.7278318260056,0.0
14.466666666666667,0.08463473404323582,0.07004960663641238,5.446633589927215,-10.071292762327486,0.0
14.5,0.05189542972964425,-0.0024085779153088793,6.934552306073094,11.790847167675567,0.0
14.533333333333333,0.039591741519320586,-0.04703642977638869,3.2424792540674083,25.04729942157749,0.0
14.566666666666666,0.035275270780731185,-0.06413384898901331,-2.499826095445492,24.777389383609844,0.0
14.6,0.02252581178267935,-0.06670623363721143,-6.329665829955306,13.072531107983949,0.0
14.633333333333333,-0.00941691980105211,-0.07203392617648578,-5.546576375394732,-2.479777101968632,0.0
14.666666666666666,-0.05951367973732059,-0.0917826424106158,-0.04544841097855358,-12.978921325370187,0.0
14.7,-0.11522144816191818,-0.12575601044026155,7.740795723807813,-12.80218661596425,0.0
14.733333333333333,-0.15874950667848559,-0.16224967640627366,14.181276906312009,-2.268268142729745,0.0
14.766666666666667,-0.1758182780708805,-0.18445779360662443,16.323099363756327,12.85699388909603,0.0
14.8,-0.16239333232484177,-0.17935379994881925,13.33013290596152,24.5808997723388,0.0
14.833333333333334,-0.12613611363546798,-0.14441628034818446,6.788084713049492,26.850173348546846,0.0
14.866666666666667,-0.08214467595156136,-0.08891150622759389,-0.2105207394896092,18.510529067960334,0.0
14.9,-0.04543503813833383,-0.029361711246351424,-4.670842582189516,3.6405187745867336,0.0
14.933333333333334,-0.024088027550168353,0.01823872452789603,-5.145942228765447,-10.754423286295587,0.0
14.966666666666667,-0.016402910794600437,0.045423950220054264,-2.3185463274489106,-18.37368907388043,0.0
15.0,-0.013178099359569456,0.05407794622832808,1.5198533212016967,-16.678106715496096,0.0
15.033333333333333,-0.003598439362560449,0.05398110408896084,3.7593391498098434,-7.875754332877007,0.0
15.066666666666666,0.018499414760591637,0.05669123811337135,2.8337540201684233,2.5262785473999942,0.0
15.1,0.0511889536431461,0.06909322550022536,-1.0339822947921538,8.722668026199205,0.0
15.133333333333333,0.08541682312430347,0.08989302396228463,-6.0382438456164635,7.5580299676847975,0.0
15.166666666666666,0.10962341118254686,0.1106331074998512,-9.784478912688508,-0.05374343204343732,0.0
15.2,0.11548280335030475,0.12042584735167346,-10.52176579207699,-9.852609317169946,0.0
15.233333333333333,0.10181878170665698,0.1117786072522825,-7.981338774301988,-16.595981956092007,0.0
15.266666666666667,0.07485060551140894,0.08449854688633995,-3.4268633327666547,-16.769538239894796,0.0
15.3,0.04487252648518659,0.045816518452236915,1.0573992363687352,-10.261771261345551,0.0
15.333333333333334,0.0212402033719222,0.0068796371474779405,3.6351387867044496,-0.22936758359034162,0.0
15.366666666666667,0.008251212898838877,-0.022433694309223557,3.5870572206450393,8.66119486325179,0.0
15.4,0.0038797074903636104,-0.03771500506018215,1.562022743992476,12.628818635168706,0.0
15.433333333333334,0.0017628365441999493,-0.041251918007751846,-0.870460075656955,10.569958023050077,0.0
15.466666666666667,-0.004814348931255659,-0.03990652746805413,-2.0925966177426827,4.3940731385407075,0.0
15.5,-0.019095642751627236,-0.040965159426497484,-1.2687253348973917,-2.1636202483269833,0.0
15.533333333333333,-0.0391134633097847,-0.04819209871403183,1.2787539564127404,-5.55147659618193,0.0
15.566666666666666,-0.05876934666515106,-0.06005221320740506,4.303813261339536,-4.169857685255025,0.0
15.6,-0.07100403878086742,-0.07083600810030727,6.3210572468254895,0.9686876404239237,0.0
15.633333333333333,-0.07132787112425457,-0.07391035433662008,6.365784171190165,6.938503790930511,0.0
15.666666666666666,-0.05992038302461335,-0.06530495775089223,4.444672068188852,10.51176853983666,0.0
15.7,-0.04134635971107374,-0.04580022452031579,1.4740817263225794,9.80940298036381,0.0
15.733333333333333,-0.022189252667665478,-0.020559200148622607,-1.2266978339886057,5.162662027005102,0.0
15.766666666666667,-0.007915429550811351,0.003360533920692837,-2.6030289739747245,-1.1891612721410896,0.0
15.8,-0.0005659707770878618,0.020246589317613067,-2.3500773540249775,-6.330310805154422,0.0
15.833333333333334,0.0016603447613600499,0.028079799121635933,-0.9889061834427201,-8.147561033607685,0.0
15.866666666666667,0.0028912350382645138,0.028911364301735097,0.47224687730630216,-6.3014801615313765,0.0
15.9,0.0070545492226832054,0.027249033835052044,1.0903023515864039,-2.244506082104012,0.0
15.933333333333334,0.01569286994205053,0.027420557609570944,0.46127638827582995,1.65046881708177,0.0
15.966666666666667,0.027192271018961107,0.031312517712295485,-1.1143767060635785,3.3483926953851,0.0
16.0,0.0377062264255426,0.03758243405083362,-2.833409741369792,2.140160612232251,0.0
16.033333333333335,0.04318501691879144,0.04261794858918459,-3.829258566562061,-1.1109616201686663,0.0
16.066666666666666,0.04141254395137155,0.042620864359774864,-3.6116998395274216,-4.529338890984421,0.0
16.1,0.03303156330006832,0.03567866240503306,-2.2875300810205714,-6.250605952798577,0.0
16.133333333333333,0.021119310665459596,0.022779144590027396,-0.4693422785545531,-5.361584274238469,0.0
16.166666666666668,0.009628978667120725,0.00733089177938873,1.058020657276255,-2.2938614960683568,0.0
16.2,0.0015493577025720079,-0.006470021992564702,1.728873402076816,1.4826051348153204,0.0
16.233333333333334,-0.002294762851554123,-0.015539434555754073,1.4476454144534292,4.258351087888781,0.0
16.266666666666666,-0.003272304097412561,-0.01912064154991419,0.5869867013182468,4.939385012125756,0.0
16.3,-0.0039001265279171703,-0.018780682964232086,-0.2446136736078426,3.5290490218581816,0.0
16.333333333333332,-0.006340645220842118,-0.017298493502547363,-0.5308075207167436,1.0280077884024514,0.0
16.366666666666667,-0.011234439752067577,-0.017093900408330615,-0.09996147297083047,-1.1498367307212667,0.0
16.4,-0.017424004734772673,-0.01901711620120028,0.8167652306330615,-1.9150279983778677,0.0
16.433333333333334,-0.02263262556084454,-0.02206755226091394,1.7341781835383905,-1.0144982401593654,0.0
16.466666666666665,-0.024680089020971893,-0.02409858845531087,2.1771125882878564,0.9174598787848217,0.0
16.5,-0.02258368948034728,-0.023068226461978772,1.9187171676835837,2.755258368956192,0.0
16.533333333333335,-0.017003644063299853,-0.0181601636057067,1.0766476369655726,3.48993077664563,0.0
16.566666666666666,-0.00986221798583916,-0.010220686635616559,0.031306116863768704,2.7282727024368976,0.0
16.6,-0.0033893283631272805,-0.0013434358220626753,-0.7783935706346938,0.8439964591165685,0.0
16.633333333333333,0.0008908258478948447,0.006128476581483721,-1.0703459978026162,-1.264804569005964,0.0
16.666666666666668,0.0027334001289054757,0.010647100651811223,-0.8384911391820808,-2.6579594998975997,0.0
16.7,0.0030693932587799073,0.012037358463063834,-0.32579538557445453,-2.8155296331671376,0.0
16.733333333333334,0.0033430362427245095,0.011368886096848923,0.12236605842751352,-1.8528571597208172,0.0
16.766666666666666,0.004673086445764078,0.01025187456364971,0.24099336451303055,-0.40368525028596086,0.0
16.8,0.007272210483374333,0.009958423047727996,-0.029352597343985643,0.7412040155498227,0.0
16.833333333333332,0.010389959976528397,0.010819364643711816,-0.5316593303496887,1.038953800715015,0.0
16.866666666666667,0.012759929813786937,0.01216780678846905,-0.9907534194170158,0.4387504938959698,0.0
16.9,0.0132824729613647,0.012803919639686991,-1.162014640921911,-0.641096364185273,0.0
16.933333333333334,0.01158120691112892,0.01169869611890543,-0.9521344206736678,-1.5672027347995405,0.0
16.966666666666665,0.008166388938226868,0.00856124985485035,-0.4545577545546205,-1.8290004689463837,0.0
17.0,0.004156757056821273,0.003995948660293765,0.11025331250274738,-1.2850694374509946,0.0
17.033333333333335,0.0007339118785552904,-0.0007960439963679428,0.5116063466804742,-0.20402231589458958,0.0
17.066666666666666,-0.0013808231066209137,-0.004586274987035698,0.6196293215515652,0.9015854993941513,0.0
17.1,-0.002175286738997636,-0.006657489774533426,0.4565081087227883,1.5471145828533175,0.0
17.133333333333333,-0.0022281540166693595,-0.007051751093271136,0.16846107544740613,1.5092581218839085,0.0
17.166666666666668,-0.002319931770182363,-0.006435675031142222,-0.06004244017367566,0.9093036427799573,0.0
17.2,-0.0029933435379823365,-0.005687011641648504,-0.10189837729946083,0.11932859462838949,0.0
17.233333333333334,-0.004286016455955281,-0.005433307909049767,0.05529682816285627,-0.4454636912055339,0.0
17.266666666666666,-0.005750818153540534,-0.005773842403572537,0.31470767854105564,-0.5348144044093642,0.0
17.3,-0.006725155325949551,-0.006302337674304585,0.5296128300077739,-0.16916469858831001,0.0
17.333333333333332,-0.006690766435929935,-0.0063874130335719575,0.5819873782897808,0.39907792031818173,0.0
17.366666666666667,-0.005535914202154414,-0.005544292605495166,0.4395456139082794,0.8353762086097167,0.0
17.4,-0.0035982138296541174,-0.003702358497472214,0.1651135148340534,0.8989323119516802,0.0
17.433333333333334,-0.0014863778307970452,-0.0012437722658168722,-0.12169708091855387,0.5549869112689478,0.0
17.466666666666665,0.0002117190487238047,0.0011861445269246798,-0.30700742408919834,-0.025802495022176443,0.0
17.5,0.0011818698510021148,0.0029832244117759185,-0.3362862848395376,-0.5695532171014885,0.0
17.533333333333335,0.001478877047178671,0.003844208164901615,-0.23365576386021553,-0.8424865185529042,0.0
17.566666666666666,0.0014352172836435155,0.003860036186943568,-0.08092949490318319,-0.7606401579753324,0.0
17.6,0.0014482944759992996,0.003414454296040937,0.02916351176703022,-0.4152689216501083,0.0
17.633333333333333,0.0017641542806465212,0.002957839290415331,0.03990755764928627,-0.009929803250720605,0.0
17.666666666666668,0.002364656799885173,0.002779887217558066,-0.04539514885970767,0.2507966394915392,0.0
17.7,0.0030026641270894565,0.002892195037178087,-0.17173259958947137,0.261233903229556,0.0
17.733333333333334,0.003351936013771195,0.003065842813525837,-0.26549782103662806,0.055205961054942604,0.0
17.766666666666666,0.003185147890265053,0.002987860945946949,-0.27346708334454445,-0.22646667953397112,0.0
17.8,0.0024884620081321706,0.00244558185988412,-0.1877894885252555,-0.41786749663552003,0.0
17.833333333333332,0.0014617975221799652,0.0014436461793340778,-0.046103480864347644,-0.413690935038569,0.0
17.866666666666667,0.0004154887721912709,0.00020164648103916834,0.09071724810787073,-0.21605761597027442,0.0
17.9,-0.00037613181932221677,-0.000955238803940948,0.1699425203201922,0.07660297198319954,0.0
17.933333333333334,-0.0007888575071028157,-0.0017487059926414579,0.17115631178839402,0.3270762866517415,0.0
17.966666666666665,-0.0008788341549609438,-0.0020642763008660425,0.11216252920483956,0.43010719242828266,0.0
18.0,-0.0008238317417871968,-0.001979652323751681,0.03571699430192169,0.36017485680506506,0.0
18.033333333333335,-0.0008144853679639568,-0.0017002938446354905,-0.014321579862647173,0.17526105180162868,0.0
18.066666666666666,-0.0009545070256241368,-0.0014437414657645826,-0.014578949768785269,-0.02052549022072876,0.0
18.1,-0.0012177777029939876,-0.0013346144821279361,0.02882876545127366,-0.13268285571085373,0.0
18.133333333333333,-0.0014768420789561397,-0.0013600091542173847,0.08687430375521568,-0.12106949015348238,0.0
18.166666666666668,-0.0015805184841060026,-0.0013997816870309164,0.12480106053343934,-0.01294007465167189,0.0
18.2,-0.001436585196202721,-0.0013077705963137883,0.12026964330027953,0.1186052611775973,0.0
18.233333333333334,-0.001057838517302949,-0.0009976401283974695,0.07342780274417422,0.19630743947925364,0.0
18.266666666666666,-0.000552413665708937,-0.0004899321544972407,0.004834671155071479,0.17781975538555947,0.0
18.3,-6.874941331102972e-05,9.913867797084973e-05,-0.056413001486366826,0.07322657271102344,0.0
18.333333333333332,0.00027330301858666175,0.0006157424165974153,-0.0874585895483491,-0.06522038445731983,0.0
18.366666666666667,0.0004304140596619429,0.0009400998799192515,-0.08182107265091552,-0.17302164777429796,0.0
18.4,0.0004420564816406468,0.0010354292737520371,-0.050465378053228774,-0.20612526254012686,0.0
18.433333333333334,0.0003970814118621808,0.0009529293400849685,-0.014322675782953926,-0.16004639474987062,0.0
18.466666666666665,0.0003816349220510045,0.0007953553670758798,0.007101851558549486,-0.06756663540783002,0.0
18.5,0.00043605337195705147,0.0006615964270960385,0.005019014795698254,0.021433529726336838,0.0
18.533333333333335,0.0005406767988986635,0.0006012814038370661,-0.015743034626079216,0.06609952504877534,0.0
18.566666666666666,0.000633962125048171,0.0006001023192808849,-0.04088482603866958,0.053222344832509566,0.0
18.6,0.0006500126903661902,0.0005990618623609332,-0.054959873852913045,0.0001247648726067114,0.0
18.633333333333333,0.0005546094539682489,0.0005338587407599829,-0.04929861725143453,-0.05774639821290242,0.0
18.666666666666668,0.0003620049406522097,0.0003723927349001967,-0.02568773350641211,-0.08663659583294198,0.0
18.7,0.00012624870791503876,0.00013191033939348375,0.005507864813538476,-0.07111475068225391,0.0
18.733333333333334,-8.59715376435207e-05,-0.00013049718975332425,0.03121681755025788,-0.019732620276061534,0.0
18.766666666666666,-0.00022574568912866729,-0.00034648638658029226,0.04219280909673605,0.041776499087833326,0.0
18.8,-0.00028056494644224095,-0.0004680730296701174,0.03694319457486759,0.08496229836344539,0.0
18.833333333333332,-0.0002736161062988536,-0.0004865510217110779,0.02145144817789405,0.09279778594397207,0.0
18.866666666666667,-0.0002465012583796217,-0.00043101439088582514,0.005334861869017951,0.06661316057959069,0.0
18.9,-0.0002358424410641578,-0.00034960190414637534,-0.0032599633367376393,0.023288270322784042,0.0
18.933333333333334,-0.00025589431465776046,-0.00028459109932509145,-0.001386301898951936,-0.014761513726356437,0.0
18.966666666666665,-0.0002948325752506418,-0.00025408237193387724,0.007992026317510817,-0.031051869687058357,0.0
19.0,-0.00032473861538549905,-0.0002482194264096305,0.018276211555229155,-0.02218120368027265,0.0
19.033333333333335,-0.0003185930940396396,-0.00023981406950975305,0.023008046229349384,0.0022881702380674585,0.0
19.066666666666666,-0.0002649868797382465,-0.00020223177003861402,0.019110845546327734,0.02625924831413779,0.0
19.1,-0.00017352336227605944,-0.00012474573458543786,0.008074512654033882,0.035913362383828154,0.0
19.133333333333333,-6.930977801610729e-05,-1.8037340829894788e-05,-0.005243259381191076,0.026300122472139243,0.0
19.166666666666668,1.9527545171533152e-05,9.173259636859913e-05,-0.015322441842099185,0.0027553890986454026,0.0
19.2,7.443948459789618e-05,0.00017605152546681425,-0.018688897898403504,-0.022905907290241764,0.0
19.233333333333334,9.308170357067484e-05,0.00021713365321109188,-0.015307334829738064,-0.03891312121855005,0.0
19.266666666666666,8.754348343487928e-05,0.0002145994100164712,-0.008146640765557584,-0.039254733845006884,0.0
19.3,7.612188954645413e-05,0.0001832929933342792,-0.0013593849829574632,-0.025894956138812784,0.0
19.333333333333332,7.345804468535699e-05,0.00014437806601360804,0.001864730494067847,-0.006847659574634636,0.0
19.366666666666667,8.401396679145251e-05,0.00011483418424376207,0.0006887753921245898,0.00843394099574601,0.0
19.4,0.00010158756882185973,0.00010058896206063714,-0.003313242807055146,0.013768793628046927,0.0
19.433333333333334,0.00011426610244800179,9.607400902084186e-05,-0.007282520220356122,0.008757242228997653,0.0
19.466666666666665,0.0001116431063900638,8.950690054952515e-05,-0.008681180619144961,-0.0018469398883698292,0.0
19.5,9.043343716468544e-05,7.05096770436544e-05,-0.006531131306499591,-0.011187103531097491,0.0
19.533333333333335,5.5907820166721415e-05,3.5986024240031685e-05,-0.0017285447463596991,-0.013973786367975383,0.0
19.566666666666666,1.894601493442104e-05,-8.430251314305445e-06,0.0036004049119952855,-0.00890336047564682,0.0
19.6,-9.327396237142775e-06,-5.152247073876919e-05,0.0072648669087324045,0.001191650516890253,0.0
19.633333333333333,-2.2433151729940976e-05,-8.212765776944531e-05,0.008061368661772955,0.011238329154405409,0.0
19.666666666666668,-2.0659623152167772e-05,-9.420629240058595e-05,0.006217144545548985,0.016673897159584096,0.0
19.7,-9.76205740770746e-06,-8.895305339267621e-05,0.00308984642625532,0.01559868627514512,0.0
19.733333333333334,2.669572682563927e-06,-7.329888906131083e-05,0.0003658491370404247,0.009360832791109143,0.0
19.766666666666666,1.1107876850613623e-05,-5.598522576974893e-05,-0.0007883947961574689,0.0014935490641784612,0.0
19.8,1.4353489978512522e-05,-4.340688980185398e-05,-0.00020223809072668884,-0.0042617945913017196,0.0
19.833333333333332,1.5313424498296012e-05,-3.723540098202063e-05,0.001374276716898711,-0.005766162433254581,0.0
19.866666666666667,1.873675218096625e-05,-3.469894492191413e-05,0.003623180587610011,-0.003271529483754607,0.0
19.9,2.8315698411352354e-05,-3.098911701259624e-05,0.005872084458321069,0.0010560346642905605,0.0
19.933333333333334,4.472360462162283e-05,-2.2307580606900084e-05,0.008120988329032373,0.004474537646739874,0.0
19.966666666666665,6.540137939526035e-05,-7.962362645203637e-06,0.010369892199743425,0.005097313400401404,0.0
0.0,-3.5910368181937456e-09,1.6212740006039342e-22,-6.130517269077507e-05,nan,1.0
0.03333333333333333,8.160727477864635e-08,1.0163427999872193e-08,-4.655873550817176e-05,nan,1.0
0.06666666666666667,1.4398448707579142e-07,5.4906158277695596e-08,-3.181229832556845e-05,nan,1.0
0.1,1.6925028692671454e-07,1.2712514765861978e-07,-1.706586114296507e-05,1.8335894335425225e-05,1.0
0.13333333333333333,1.6180444255209952e-07,1.6753806413208335e-07,-2.3194239603617037e-06,-4.843573588897721e-05,1.0
0.16666666666666666,1.4588957103921611e-07,1.4573607708762528e-07,7.436598588669693e-06,-8.84212423190659e-05,1.0
0.2,1.5316848278889543e-07,1.0340101950693302e-07,9.454834001009278e-06,-7.927933723861117e-05,1.0
0.23333333333333334,2.0217515165489495e-07,8.787712112153377e-08,-1.4373263688769022e-06,-4.344997540379237e-05,1.0
0.26666666666666666,2.8193302172390245e-07,1.0829912049932863e-07,-2.398623413240282e-05,-7.61838522271588e-06,1.0
0.3,3.498129409649261e-07,1.5091458850413669e-07,-4.961104137453654e-05,4.181428774438419e-05,1.0
0.3333333333333333,3.4710153129548646e-07,1.8500181130651632e-07,-6.56499805842104e-05,5.437069815688881e-05,1.0
0.36666666666666664,2.2738111853371516e-07,1.6206479208307122e-07,-6.162803403041869e-05,1.0169148378702224e-05,1.0
0.4,-1.5419093502833996e-08,4.0737600141666984e-08,-3.545970174745617e-05,-6.502166125170583e-05,1.0
0.43333333333333335,-3.3535209181757903e-07,-1.8011033948910216e-07,3.917944610236803e-06,-0.00012445163064562072,1.0
0.4666666666666667,-6.489414728698712e-07,-4.5167095277097466e-07,3.96171744745876e-05,-0.00013318872669388176,1.0
0.5,-8.723449506286404e-07,-6.930156593282513e-07,5.4919973494620026e-05,-7.66795621717702e-05,1.0
0.5333333333333333,-9.642019780760134e-07,-8.257729291218436e-07,4.2768008203448474e-05,3.276318720571418e-05,1.0
0.5666666666666667,-9.508832062290418e-07,-8.128405053287982e-07,1.1431216646056144e-05,0.00015006828809680938,1.0
0.6,-9.165771351332885e-07,-6.822293634066617e-07,-1.7624367069233068e-05,0.00021482202448275275,1.0
0.6333333333333333,-9.575237400337662e-07,-5.178951626968035e-07,-1.9921524200056346e-05,0.00018632793548024044,1.0
0.6666666666666666,-1.1202484799994225e-06,-4.1617972622582255e-07,1.8100602869727663e-05,7.05043829040857e-05,1.0
0.7,-1.356701635303052e-06,-4.2776335942155667e-07,8.868519075192152e-05,-7.694737113674664e-05,1.0
0.7333333333333333,-1.5258411502642284e-06,-5.162912297230321e-07,0.00016251750163534092,-0.0001733609023802118,1.0
0.7666666666666667,-1.450271817746431e-06,-5.604816469896934e-07,0.00020073129248771184,-0.0001509920291588542,1.0
0.8,-1.0067415679813412e-06,-4.071841357813097e-07,0.00017464972529094655,6.918697759525895e-07,1.0
0.8333333333333334,-2.059605571636658e-07,4.466782227184869e-08,8.349824021097449e-05,0.00021731341159754783,1.0
0.8666666666666667,7.851038790220463e-07,7.710645870987472e-07,-4.0324010996237526e-05,0.00038198869060348823,1.0
0.9,1.7013607249991234e-06,1.6045602407308084e-06,-0.000143657818693407,0.00038213998630336334,1.0
0.9333333333333333,2.299685341372434e-06,2.291240531497758e-06,-0.00017881577655379124,0.00017449283545555253,1.0
0.9666666666666667,2.4841009224334016e-06,2.60481111909399e-06,-0.0001311922706629271,-0.00017704601712386449,1.0
1.0,2.366232861331925e-06,2.464007040225949e-06,-3.2769389673362335e-05,-0.0005172030789697779,1.0
1.0333333333333334,2.21573496725035e-06,1.988011608006582e-06,4.8727928744773304e-05,-0.0006699048603486917,1.0
1.0666666666666667,2.3101961842342068e-06,1.4481482966389263e-06,4.3242848011577006e-05,-0.0005334845295648931,1.0
1.1,2.7533508208377593e-06,1.1257803623080384e-06,-8.061675370279254e-05,-0.0001507354862815702,1.0
1.1333333333333333,3.361193217511208e-06,1.1417093194250801e-06,-0.0002890216498028329,0.0002906773304975834,1.0
1.1666666666666667,3.695108105093685e-06,1.3504495904213484e-06,-0.0004885999637794469,0.0005402846103707516,1.0
1.2,3.251790474086382e-06,1.3726189920807543e-06,-0.0005670255902970879,0.0004174993859872294,1.0
1.2333333333333334,1.7322544552981952e-06,7.730995076979321e-07,-0.000451841721165426,-7.15991475084001e-05,1.0
1.2666666666666666,-7.468333434392015e-07,-6.892257026187745e-07,-0.00015752828631967125,-0.0007029169987371371,1.0
1.3,-3.6282514276394224e-06,-2.8687610002691353e-06,0.00020781496912855325,-0.001121830763434139,1.0
1.3333333333333333,-6.122088330803026e-06,-5.217190574107273e-06,0.0004869373434166847,-0.0010212013353467035,1.0
1.3666666666666667,-7.569598582454759e-06,-6.985390277765263e-06,0.0005527193409911873,-0.00032496680995817984,1.0
1.4,-7.78526768970956e-06,-7.568763083217208e-06,0.0003833650244923096,0.0007260095377162803,1.0
1.4333333333333333,-7.181635201646291e-06,-6.827727033546427e-06,9.019483102109369e-05,0.001651974426728023,1.0
1.4666666666666666,-6.571618695795281e-06,-5.200357052944514e-06,-0.00012585567241764882,0.0019609125209296913,1.0
1.5,-6.7086005641783576e-06,-3.5106550125163877e-06,-7.658373117273469e-05,0.0014213615239467038,1.0
1.5333333333333334,-7.784380031129333e-06,-2.5320666328183837e-06,0.0003002929678079201,0.0002348173123310222,1.0
1.5666666666666667,-9.167465499808864e-06,-2.5150563754996576e-06,0.0008795734391314425,-0.0010074384810055347,1.0
1.6,-9.57684120372734e-06,-2.9438395938317402e-06,0.0013826259207335321,-0.0015958627343737011,1.0
1.6333333333333333,-7.673080524719243e-06,-2.702742025805757e-06,0.0015044806755283393,-0.001087828736187164,1.0
1.6666666666666667,-2.80883954888306e-06,-6.308753409437816e-07,0.001078336404497818,0.0003926482092294681,1.0
1.7,4.454279967133212e-06,3.7807475875460665e-06,0.00019127295488747926,0.0021256390066246625,1.0
1.7333333333333334,1.2391488470470477e-05,9.919435082965784e-06,-0.0008220296315947704,0.003099889585300997,1.0
1.7666666666666666,1.879169533128513e-05,1.611400612285421e-05,-0.0015241985156649303,0.0025361998826944317,1.0
1.8,2.1991422525148445e-05,2.0288782853019456e-05,-0.0015999211763676785,0.0003707840494234447,1.0
1.8333333333333333,2.174690348984929e-05,2.094400368928207e-05,-0.0010470247787873251,-0.0025816710160715666,1.0
1.8666666666666667,1.9433271262706628e-05,1.7971378799943142e-05,-0.00022069679217936292,-0.004931780402304893,1.0
1.9,1.7357363899802076e-05,1.282612553554241e-05,0.0003179973691738985,-0.005393224228535259,1.0
1.9333333333333333,1.7437708503301488e-05,7.861584296489184e-06,9.560623758784636e-05,-0.0035145830627223338,1.0
1.9666666666666666,1.9905478584485423e-05,5.073448691446633e-06,-0.0009809650546252124,-6.134142144185214e-05,1.0
2.0,2.2776360876315413e-05,4.8742092283215785e-06,-0.0024982809793118745,0.003225234307826219,1.0
2.033333333333333,2.253106025128194e-05,5.602318874061442e-06,-0.003675835081270924,0.004458670057959419,1.0
2.066666666666667,1.58311371838374e-05,4.169843381128202e-06,-0.0037366971610193703,0.0026548832214537115,1.0
2.1,1.4832116477143241e-06,-2.32611276018336e-06,-0.0023391467515114714,-0.001559640985312489,1.0
2.1333333333333333,-1.840597798822732e-05,-1.477774986685569e-05,0.0001627092479178662,-0.0060351994736308765,1.0
2.1666666666666665,-3.886067085523379e-05,-3.102233913887306e-05,0.0028024589070507824,-0.008063241163638095,1.0
2.2,-5.4068295444860496e-05,-4.630028548787114e-05,0.004436488850656526,-0.005817383374724015,1.0
2.2333333333333334,-6.013631439453448e-05,-5.5211505612436356e-05,0.004341946140383809,0.00046348960543939174,1.0
2.2666666666666666,-5.7157531332742075e-05,-5.4327277568478046e-05,0.0026678265007632775,0.008258323842921893,1.0
2.3,-4.93389372553291e-05,-4.4115919772919266e-05,0.00046359885623339106,0.01379131333126641,1.0
2.3333333333333335,-4.2846674450053345e-05,-2.901654939921208e-05,-0.0007957444997993497,0.013925644234190964,1.0
2.3666666666666667,-4.225206720233767e-05,-1.5353188327768026e-05,1.181335947886533e-06,0.007997616319144174,1.0
2.4,-4.738960154988043e-05,-7.94595209412781e-06,0.002894454688399032,-0.001448177958030962,1.0
2.433333333333333,-5.2488303109983717e-05,-7.139669988604688e-06,0.006638139368533108,-0.00960773426505229,1.0
2.466666666666667,-4.8448400336368705e-05,-8.000089115222737e-06,0.009177326941828212,-0.011780223874237557,1.0
2.5,-2.7500400539909702e-05,-2.477135550503329e-06,0.008658382306869283,-0.006036174573294594,1.0
2.533333333333333,1.1977406809398848e-05,1.6214103650295667e-05,0.004490496667444947,0.005262047414632706,1.0
2.566666666666667,6.314719605750921e-05,4.9112831656059435e-05,-0.0021260055100303108,0.01612186181323101,1.0
2.6,0.00011258554593051383,8.944237727445534e-05,-0.00857987756878598,0.019732525463214416,1.0
2.6333333333333333,0.00014594924159586092,0.00012450474652349507,-0.012061805990449499,0.012182353284957826,1.0
2.6666666666666665,0.00015487302576276896,0.00014112109049946634,-0.011057486957263073,-0.00486510249644196,1.0
2.7,0.00014148055214722077,0.00013216016638137193,-0.006329871368463919,-0.024197269960706338,1.0
2.7333333333333334,0.00011769681483876017,0.000100724524862391,-0.000768148312839011,-0.03618094531956063,1.0
2.7666666666666666,9.904882588656445e-05,5.936364086466008e-05,0.0019768819462359275,-0.033714363461795904,1.0
2.8,9.568248973959162e-05,2.4071533513588973e-05,-0.0005159233251443214,-0.016509153129459553,1.0
2.8333333333333335,0.00010528397016371416,5.702276338338009e-06,-0.007844467940448616,0.00779138196582324,1.0
2.8666666666666667,0.00011221556946689246,3.261636366449087e-06,-0.01654050619503987,0.026752514858281312,1.0
2.9,9.432647649381412e-05,3.1294272922537274e-06,-0.02151557549498356,0.029419964595692717,1.0
2.933333333333333,3.4809708571652495e-05,-1.4467495928896557e-05,-0.01864012955218125,0.012675400005271826,1.0
2.966666666666667,-6.674568468801754e-05,-6.428897043697266e-05,-0.00718657082002958,-0.015870429577453826,1.0
3.0,-0.00019038569339249406,-0.0001457966797959201,0.009241652824513653,-0.0405778835317368,1.0
3.033333333333333,-0.0003021729016550437,-0.00023966900474218809,0.024028234502651093,-0.04538580317123696,1.0
3.066666666666667,-0.0003689207281546025,-0.00031412215957811224,0.030697159254658987,-0.022793519270633177,1.0
3.1,-0.00037437850875201754,-0.00033903211916284546,0.026409628838835415,0.02060058949738693,1.0
3.1333333333333333,-0.0003282086164890746,-0.00030123476796598784,0.013913033235638335,0.06559951200683757,1.0
3.1666666666666665,-0.00026191128649877336,-0.00021279201062985426,0.0006474186498782984,0.08913247493245795,1.0
3.2,-0.0002123121777394658,-0.00010676604103014277,-0.004882822152660583,0.07638445393454063,1.0
3.2333333333333334,-0.00020024055236034536,-2.1220466475091617e-05,0.0021739904598909385,0.030064665452797304,1.0
3.2666666666666666,-0.00021575874198115203,2.1197102959615464e-05,0.01969276405441067,-0.028747464285573263,1.0
3.3,-0.00021921759320942428,2.727657104655637e-05,0.03869193092403559,-0.0698313228453888,1.0
3.3333333333333335,-0.00015986164117129476,3.2145027420949556e-05,0.047317244666761446,-0.06939768764848057,1.0
3.3666666666666667,-4.141996501185293e-06,8.156314524652963e-05,0.037017313760541896,-0.024213919638514266,1.0
3.4,0.000240636163989144,0.00020521497366941016,0.007790414709128752,0.04379126864908329,1.0
3.433333333333333,0.0005211481151387059,0.0003946947490624102,-0.03053046882509966,0.0963353309729685,1.0
3.466666666666667,0.0007568778747768508,0.0005992188276833777,-0.062203559380555655,0.09796074133213943,1.0
3.5,0.000875960490484957,0.0007440765678841329,-0.07324609929748377,0.03634579401261185,1.0
3.533333333333333,0.000850752900381953,0.0007649348365495666,-0.059107223146856444,-0.06739799999099906,1.0
3.566666666666667,0.0007137426921013396,0.0006414120833616019,-0.028111880525904413,-0.16554816664124974,1.0
3.6,0.0005427598895601728,0.0004115234360377852,0.0017726766815082415,-0.20627255562560579,1.0
3.6333333333333333,0.00042002138094519663,0.00015673181071747982,0.011916797068000027,-0.16146142707860456,1.0
3.6666666666666665,0.00038462168857021336,-3.7768584905202595e-05,-0.006484238027400634,-0.045184816695592996,1.0
3.7,0.00040425059780499305,-0.00012863093146009015,-0.04604536882717507,0.08869827819936206,1.0
3.7333333333333334,0.0003845749879525435,-0.0001412303174363466,-0.08503044900454101,0.17121086852355938,1.0
3.7666666666666666,0.00021617717771515283,-0.00016049869248848254,-0.09746246733356233,0.15446642696497956,1.0
3.8,-0.00016197712106725583,-0.00028618248154107015,-0.06700103955164331,0.040851048768324204,1.0
3.8333333333333335,-0.0007155697677369644,-0.0005728530601954046,0.002586828229506982,-0.11192791792477443,1.0
3.8666666666666667,-0.0013127669121270264,-0.000986186317408767,0.08658028693874209,-0.21588716059054705,1.0
3.9,-0.0017741843357463964,-0.001402201746077699,0.14978315191679809,-0.1979520882473567,1.0
3.933333333333333,-0.0019545889260475426,-0.0016559177700200445,0.1639975661638592,-0.04286010959367021,1.0
3.966666666666667,-0.0018159683999054842,-0.0016194610013554615,0.12376401094711033,0.1902864948981939,1.0
4.0,-0.0014513821496712283,-0.0012708911416866673,0.05150962953492655,0.3904033164580208,1.0
4.033333333333333,-0.0010411358119738203,-0.0007152227942817454,-0.012006750171731358,0.4483925102923065,1.0
4.066666666666666,-0.0007578518491468769,-0.00014061116648974507,-0.028459107707241728,0.31693492058972283,1.0
4.1,-0.0006671771555483856,0.00027379284080520955,0.016180918099358392,0.04385370959397839,1.0
4.133333333333334,-0.0006789045353706798,0.00045325422053903587,0.10063577278730135,-0.24266086143764282,1.0
4.166666666666667,-0.0005820252900122844,0.00047388503170741486,0.17560096401728345,-0.3947955603071579,1.0
4.2,-0.00015482906340876543,0.000528642170858898,0.18756123169805247,-0.32398996072452024,1.0
4.233333333333333,0.0007015395660570165,0.0008221558164098837,0.10805994569896339,-0.056639731631216814,1.0
4.266666666666667,0.0018771282509750823,0.0014442371186058848,-0.04701757483482824,0.26697383774507777,1.0
4.3,0.0030685578008064433,0.002289933702923142,-0.2199604705345427,0.45690160526511714,1.0
4.333333333333333,0.0039004489528711816,0.003076762212864477,-0.336797441164402,0.37317096283062695,1.0
4.366666666666666,0.004100109255515724,0.003462486662760254,-0.3446505345667678,0.010187499726215757,1.0
4.4,0.0036373653638757716,0.0032119680823115672,-0.24182466882469072,-0.48253495282554043,1.0
4.433333333333334,0.0027503239832180806,0.0023284927142825326,-0.0833499065951728,-0.8624988834420165,1.0
4.466666666666667,0.0018312529904702592,0.001074409354602057,0.04382790114043139,-0.9150304296000121,1.0
4.5,0.001220489231543627,-0.00014229841487439082,0.06581189456611702,-0.5733793878703584,1.0
4.533333333333333,0.001012096582105721,-0.0009682490796100809,-0.03556396215573999,0.027950004122828147,1.0
4.566666666666666,0.0009801448939920517,-0.0012916508757324207,-0.20608963900854918,0.6037550839788217,1.0
4.6,0.0006803054602385684,-0.0013121144472677967,-0.34073432538236353,0.8568947762900465,1.0
4.633333333333334,-0.00030902990465315593,-0.001442191535881666,-0.33596884726412835,0.6392271154891042,1.0
4.666666666666667,-0.0021230813070190237,-0.0020765045558781958,-0.1476773325538481,0.0488486134201278,1.0
4.7,-0.0044676266948989575,-0.003341501759860058,0.17645269034641695,-0.5971136016466391,1.0
4.733333333333333,-0.006690293653395277,-0.004962694704179907,0.5107062886716914,-0.9134471114675301,1.0
4.766666666666667,-0.008053498897929758,-0.006337551574884795,0.708972444161823,-0.6527054293168285,1.0
4.8,-0.00808491491168068,-0.0067995726481921755,0.6796821695580598,0.14090835232477159,1.0
4.833333333333333,-0.006825460064507455,-0.005952743157246887,0.43913700351081303,1.1200994671004687,1.0
4.866666666666666,-0.0048311978385718966,-0.003903465321208192,0.11189834746190419,1.7879719742235454,1.0
4.9,-0.0029043299388443857,-0.0012537884249179026,-0.12753072471240584,1.7509560801240243,1.0
4.933333333333334,-0.0016735373496991799,0.001165070320223391,-0.1460211506550157,0.94381817032526,1.0
4.966666666666667,-0.001238632944913874,0.0027008226331319855,0.07036678235016187,-0.2994253821797616,1.0
5.0,-0.0010815610009777272,0.0032223008128750147,0.39612891400301137,-1.3843279506157051,1.0
5.033333333333333,-0.00032079687647351956,0.0032027814755900596,0.6208748650218253,-1.7514009257662553,1.0
5.066666666666666,0.0017943109063123354,0.0034731918828946155,0.5568544340133692,-1.1833897315045392,1.0
5.1,0.005395798567480146,0.0047475825944803575,0.14632503226382823,0.04236299108491167,1.0
5.133333333333334,0.009785860585864597,0.007159230997557239,-0.4899050466761526,1.2563455865091984,1.0
5.166666666666667,0.01365031698288475,0.010065621821802501,-1.0954921786395548,1.7251387921497132,1.0
5.2,0.015629458709705883,0.012261188225770518,-1.3993699365813626,1.0498242313180743,1.0
5.233333333333333,0.01497767866523168,0.012528743649386297,-1.2568140983721392,-0.5760688322326744,1.0
5.266666666666667,0.011967581352879418,0.010268409784053984,-0.7363371693086876,-2.405104619077382,1.0
5.3,0.0077982500203345765,0.005873147301249066,-0.09997198285113149,-3.4812818297108157,1.0
5.333333333333333,0.004012512718529799,0.000623378708856398,0.3227162248729373,-3.135899532080351,1.0
5.366666666666666,0.0016948659598726313,-0.0038890869576177056,0.30867429011300357,-1.3792354948892431,1.0
5.4,0.0008668355555762472,-0.006541628628861829,-0.12666046993159819,1.0360481105578572,1.0
5.433333333333334,0.000428752501672226,-0.007263195182955362,-0.7155249571227609,2.947653757743233,1.0
5.466666666666667,-0.0012678680465555096,-0.007085149625760025,-1.061330123072048,3.3712492216165644,1.0
5.5,-0.005469926195694247,-0.007585005090735961,-0.8457588500318537,2.0484274456753817,1.0
5.533333333333333,-0.012179078698252585,-0.009971709249197505,-0.014924954632751881,-0.34729140608098724,1.0
5.566666666666666,-0.019890386936931986,-0.014281543970005393,1.1587877163863554,-2.4923408423889297,1.0
5.6,-0.026119753499784324,-0.019139955064019873,2.18508053602143,-3.0772390809825647,1.0
5.633333333333334,-0.02851899017884645,-0.022281339615768038,2.5921935288299776,-1.5285417656417495,1.0
5.666666666666667,-0.026039609932778856,-0.021625159621989864,2.1758813792937426,1.599183611939778,1.0
5.7,-0.01952884215052644,-0.01638442322460187,1.1276829360689202,4.807303655893171,1.0
5.733333333333333,-0.011390629683121463,-0.007613769090542014,-0.03772425060422191,6.369242607340534,1.0
5.766666666666667,-0.004415627774347434,0.0021493775411582094,-0.7348146678392461,5.241193504669928,1.0
5.8,-0.00034213092204799476,0.010039942785711374,-0.6185898522697546,1.6915982730685561,1.0
5.833333333333333,0.0010954787712828947,0.014266515740792199,0.20848837310201368,-2.718842086008548,1.0
5.866666666666666,0.0020725019040300427,0.015027190729349538,1.215678575157517,-5.856752204147873,1.0
5.9,0.0054950080562861554,0.014406986113787875,1.699258165182988,-6.110120085272342,1.0
5.933333333333334,0.013284748293567922,0.01522959289216887,1.1567600005791312,-3.2981587493558777,1.0
5.966666666666667,0.025019060922935314,0.01940220439407729,-0.4121083731250936,1.1130918911121175,1.0
6.0,0.037706828123437605,0.026616588713949858,-2.4476991254428615,4.66927675184141,1.0
6.033333333333333,0.04693786740849637,0.0341544980182818,-4.069227672598839,5.182036950646587,1.0
6.066666666666666,0.0489220888664539,0.03801397192371027,-4.507947141748023,1.9521520461959336,1.0
6.1,0.04241130412163842,0.03487622822338017,-3.5185683248835478,-3.7051476216015917,1.0
6.133333333333334,0.02947140184872416,0.02393376005070757,-1.545884695106107,-8.980684139695711,1.0
6.166666666666667,0.014602441982685876,0.007586779166001045,0.46336684420992247,-10.949628110692037,1.0
6.2,0.0025500188498367524,-0.00946304844346073,1.531249885971602,-8.137969982321064,1.0
6.233333333333333,-0.004117576489585554,-0.022371614913887432,1.1713118755957383,-1.446603926069851,1.0
6.266666666666667,-0.006380313746361502,-0.028512411126875855,-0.31460365282315295,6.1223747352537226,1.0
6.3,-0.008265294785658892,-0.02879294180461507,-1.944185769144983,10.89257470594744,1.0
6.333333333333333,-0.014600969652933192,-0.027145817834386708,-2.542056450904814,10.421306799325032,1.0
6.366666666666666,-0.028110909884297715,-0.028336071441861593,-1.3745609651885335,4.899316116017056,1.0
6.4,-0.04738068611666821,-0.0351487402618862,1.3989594423199356,-2.755715969638228,1.0
6.433333333333334,-0.06688873823693148,-0.046443665491650576,4.717476590482611,-8.270489220285908,1.0
6.466666666666667,-0.07927791098308751,-0.05721803076811902,7.093785575458923,-8.232125875077779,1.0
6.5,-0.07885167347376647,-0.060825663967534985,7.35845147540574,-2.0208644719726014,1.0
6.533333333333333,-0.06453709675157561,-0.052348616874318986,5.29479560819987,7.608523631056346,1.0
6.566666666666666,-0.04070138858409243,-0.031410711413178326,1.8164045734043246,15.722060204456485,1.0
6.6,-0.015232058811659437,-0.0028813877708514235,-1.442576887310881,17.679280020202043,1.0
6.633333333333334,0.004290124991695642,0.025075462415449338,-2.948571678789595,11.654060171849034,1.0
6.666666666666667,0.014415029803078547,0.04477453142232408,-2.090963121242623,-0.15048069454374827,1.0
6.7,0.017598216040295406,0.05273381217578246,0.43586534594248005,-12.350835121443788,1.0
6.733333333333333,0.020836561232710868,0.05136992532093571,2.9286764308365245,-19.001253929337565,1.0
6.766666666666667,0.031687075135351864,0.04762859726971458,3.5404856051211397,-16.710779677287245,1.0
6.8,0.053643437401948685,0.0490877138034122,1.2911776763668033,-6.621983783671479,1.0
6.833333333333333,0.08334151466322781,0.05947075461740742,-3.3096467907527534,5.89824249673572,1.0
6.866666666666666,0.11126829699708923,0.07596936163500267,-8.39211508582187,13.861052169485902,1.0
6.9,0.12589149339468894,0.08997722054405372,-11.595318807338737,12.322243380930578,1.0
6.933333333333334,0.11928390644489606,0.09111893736811383,-11.266111220141685,1.2190850810079183,1.0
6.966666666666667,0.09137189229156792,0.07267384298523755,-7.37102703585091,-14.211412344999411,1.0
7.0,0.050462747516959575,0.03560007146815003,-1.6146680864138738,-25.838170613905696,1.0
7.033333333333333,0.009524268906779446,-0.011095879505922487,3.3529048215481274,-26.782109928816098,1.0
7.066666666666666,-0.020083682746690604,-0.054111437531899356,5.277942680355636,-15.2040659494297,1.0
7.1,-0.03425684025471443,-0.08202509897050338,3.513676764049887,4.324041507181853,1.0
7.133333333333334,-0.038133084236692046,-0.09079486718550003,-0.5560273009407393,22.773828002463063,1.0
7.166666666666667,-0.04314320952103645,-0.08563249348860463,-4.158449866001821,31.12976497490534,1.0
7.2,-0.06041772543600614,-0.07805327290412957,-4.565537625668296,25.156085651291328,1.0
7.233333333333333,-0.09388621792538757,-0.07940559077896771,-0.6030183112027185,7.9303205257526965,1.0
7.266666666666667,-0.13679730112657126,-0.09415630685502875,6.569342399329294,-11.364271266615082,1.0
7.3,-0.17380557120673712,-0.11655432307119669,13.874191046215302,-21.992205565978704,1.0
7.333333333333333,-0.18793430389003524,-0.13272126706633056,17.788489127334245,-17.34940837476727,1.0
7.366666666666666,-0.16906629327233605,-0.12744125242570956,16.156422988032592,1.1937974163713272,1.0
7.4,-0.11957383437675465,-0.09234985925264654,9.40070757731847,24.473251666221028,1.0
7.433333333333334,-0.053933331309402185,-0.031246696033293872,0.45062670231241386,39.90697177629528,1.0
7.466666666666667,0.00783502562779996,0.04049794163515942,-6.653431114548167,38.00243150037305,1.0
7.5,0.04979660933860752,0.10252760670427649,-8.816450247944154,17.654389878530445,1.0
7.533333333333333,0.06788639962340129,0.1389847109844959,-5.551553260763724,-12.677362195482855,1.0
7.566666666666666,0.07163675658757292,0.14607993207964667,0.6587941106100998,-38.80467122667387,1.0
7.6,0.0786291448073308,0.13366633250051838,5.570756221365984,-47.93296272968999,1.0
7.633333333333334,0.10426839510480786,0.11969343444018106,5.402623286608517,-35.47556815901637,1.0
7.666666666666667,0.15213332686250414,0.12014572906640571,-1.0543608319130948,-7.909253484884429,1.0
7.7,0.21016268602258126,0.13962837210217113,-11.572516814383626,20.089742986498887,1.0
7.733333333333333,0.2551316914999587,0.1677144200300215,-21.407982865720953,33.042505238425555,1.0
7.766666666666667,0.2635942993742536,0.183385011919029,-25.622138602946237,22.918805829501576,1.0
7.8,0.22390737376085623,0.16570190935380702,-21.653700033455134,-6.110789639803214,1.0
7.833333333333333,0.14305418366546746,0.1054060811361062,-10.79205785161618,-39.16562429340869,1.0
7.866666666666666,0.04437581701184555,0.011317949498547086,2.289474293436366,-57.96135671531185,1.0
7.9,-0.04308899399324362,-0.09218879309601674,11.798075236051327,-50.37698380876368,1.0
7.933333333333334,-0.09848511637651067,-0.17585200146069035,13.779388311808377,-17.315761723856667,1.0
7.966666666666667,-0.11910942519640387,-0.21918749003561278,8.238510395795505,26.949273717745882,1.0
8.0,-0.12105412095977011,-0.2201612181383972,-0.7420317742587348,61.49970943708887,1.0
8.033333333333333,-0.1297981344842407,-0.1956268664119418,-7.049868685819219,69.38750715487114,1.0
8.066666666666666,-0.16533147719697033,-0.1719172947072163,-5.776333917747254,46.7172977210092,1.0
8.1,-0.22954207445095795,-0.17017016218963077,4.024174581665011,5.291124767807392,1.0
8.133333333333333,-0.30278781156056683,-0.19399064364611945,18.54242834632965,-32.92760167274352,1.0
8.166666666666666,-0.35204500429327784,-0.22618781133925897,30.91504621192323,-47.01581029231167,1.0
8.2,-0.34698817983835645,-0.23682703221826432,34.64634777104892,-28.29799804846039,1.0
8.233333333333333,-0.2759468408967817,-0.19892364835279744,27.0286482438188,14.398422958945021,1.0
8.266666666666667,-0.1533256093031834,-0.10383694841556787,10.753707126530529,58.53962814665144,1.0
8.3,-0.014154720330302517,0.031841972835364496,-7.22249004692449,79.18021261805124,1.0
8.333333333333334,0.10199113507908714,0.1720395454158684,-19.091452517801763,62.13878856934955,1.0
8.366666666666667,0.16977113886286682,0.27725119190384206,-20.185058431327537,12.154757572334713,1.0
8.4,0.18985703648796734,0.32301710443924414,-11.47009338324301,-48.55230028984722,1.0
8.433333333333334,0.1873016838651069,0.3113072816104069,0.8356615558783308,-91.03154382499004,1.0
8.466666666666667,0.19690926463110486,0.2686189062164176,8.444340643644084,-94.41839416088753,1.0
8.5,0.24292071542530108,0.23133197595463234,5.410902628398296,-57.17446894709997,1.0
8.533333333333333,0.32365556209199603,0.2256192858283078,-8.507477029327996,1.358986550176951,1.0
8.566666666666666,0.4095847804178623,0.25238874607230954,-27.373340863111526,50.353242156763244,1.0
8.6,0.4565566136579692,0.28550644317500157,-41.85527310220931,63.34801179747163,1.0
8.633333333333333,0.4279363328735159,0.2848522361211995,-43.952317028547526,32.46419587839322,1.0
8.666666666666666,0.3144141791761132,0.2179493554257731,-31.249574443084946,-26.623459790530585,1.0
8.7,0.1409571220676135,0.07907360122067614,-8.444126360360103,-81.99125940963434,1.0
8.733333333333333,-0.04331292864277214,-0.10442682010297194,14.77353202013386,-101.71746741129888,1.0
8.766666666666667,-0.18774294708954914,-0.2825808157376728,28.51407363791226,-70.86754268476149,1.0
8.8,-0.2639741067267163,-0.4053386685968433,27.744620151510066,-0.26176090326289325,1.0
8.833333333333334,-0.2786318623278387,-0.4459924318457483,14.960402022321487,77.95901394190926,1.0
8.866666666666667,-0.2679666806383476,-0.4133607344338121,-1.0146219392281508,126.18278649564613,1.0
8.9,-0.2767950645684019,-0.34607702796396067,-9.60082740062257,120.70048524462273,1.0
8.933333333333334,-0.332449422995085,-0.29148205358191465,-4.116274764119411,64.53553344776537,1.0
8.966666666666667,-0.4274544515474715,-0.27979951104192147,14.435496968375952,-13.28266978051806,1.0
9.0,-0.5205241099091987,-0.30711663217875307,37.51196431173616,-72.13037967736086,1.0
9.033333333333333,-0.5561357236249875,-0.33650315118280394,53.18210863968456,-80.79917494894343,1.0
9.066666666666666,-0.49312605406483456,-0.31733847883276,52.24405150373719,-34.27001054050774,1.0
9.1,-0.32762579752385756,-0.2132836323026211,33.16563926791459,42.74744483761904,1.0
9.133333333333333,-0.09807015071611208,-0.024400422777088426,3.213528059166636,107.85558969964234,1.0
9.166666666666666,0.13102280974890218,0.20854715758802633,-24.950716310549428,122.8014030208089,1.0
9.2,0.2988213362812292,0.42065089778416137,-39.57356265892482,73.94147948125986,1.0
9.233333333333333,0.3764970526247308,0.5524846383515654,-35.805122037483855,-19.493075188856192,1.0
9.266666666666667,0.3794166177166458,0.5779043812405862,-18.24399666140915,-114.11363113986246,1.0
9.3,0.3565688690564328,0.515612167828932,1.3956692362069874,-164.0755618820212,1.0
9.333333333333334,0.3623405465530903,0.4181325122506586,10.4041801517288,-144.7989055492622,1.0
9.366666666666667,0.4251566648143622,0.3434818136926151,1.873184598194987,-66.32087157121481,1.0
9.4,0.5295430130061347,0.32400978589754076,-21.385232947270417,31.051920245707386,1.0
9.433333333333334,0.6215619048749539,0.3487503158201554,-47.94229958774141,97.0479810096388,1.0
9.466666666666667,0.6355437290058119,0.36894642999909744,-63.44808936888927,97.5082360773232,1.0
9.5,0.5287545783369931,0.32447254604955217,-58.06590315199468,32.712379431272055,1.0
9.533333333333333,0.30605242173429054,0.177794085605342,-31.80100824403261,-61.89459011904023,1.0
9.566666666666666,0.02128368179574286,-0.06227149136371818,5.122801064735507,-133.46125901834534,1.0
9.6,-0.24605780951705292,-0.33991205999156976,37.169100017083544,-139.17131269614381,1.0
9.633333333333333,-0.4275341369486539,-0.5759860319796334,51.25371095209999,-69.22876496424553,1.0
9.666666666666666,-0.4972260747169097,-0.7045107754007491,43.3919221009129,46.806165559402366,1.0
9.7,-0.4816752426872228,-0.7034938956347334,20.74250902551517,154.11822749421071,1.0
9.733333333333333,-0.4429087465979733,-0.6041196740224273,-2.11010354168659,200.3425976889346,1.0
9.766666666666667,-0.4430906031688433,-0.47321033164718457,-10.807942844629695,162.72956151458985,1.0
9.8,-0.5091111694362487,-0.37769070627672635,1.1180259949846747,60.5467386072664,1.0
9.833333333333334,-0.6158119169600375,-0.34933116725073166,28.587531418999124,-54.12043686604329,1.0
9.866666666666667,-0.6971442037725817,-0.36823361852950937,57.31626923842638,-122.85995734179721,1.0
9.9,-0.6800920520020675,-0.3740561965770152,71.07106420354128,-111.25168113024871,1.0
9.933333333333334,-0.5241203095794034,-0.2995963137755522,60.14911866492375,-27.239872254010365,1.0
9.966666666666667,-0.24560706934101198,-0.10949390444507334,26.680155093011138,82.30748245922031,1.0
10.0,0.08591345624184432,0.17626251099169216,-16.07948970612088,155.51338688924332,1.0
10.033333333333333,0.37847776838592606,0.48685470696174954,-50.21325268855251,147.79476336308642,1.0
10.066666666666666,0.5601379332462424,0.7316552947069973,-62.11796180907674,55.82472246665481,1.0
10.1,0.6115363697794012,0.8423841552934925,-49.370187685651494,-79.55390463098054,1.0
10.133333333333333,0.5718214796422906,0.8049431691085321,-21.893326236745395,-193.4185204696105,1.0
10.166666666666666,0.5147284385006203,0.6644508912259763,3.2546503841138374,-229.82894395051994,1.0
10.2,0.50711347105674,0.500640494296464,10.841255486589207,-170.86438949033345,1.0
10.233333333333333,0.5715047681527186,0.3861126608087765,-4.453243543670589,-46.43106055369908,1.0
10.266666666666667,0.67238978223663,0.3489803387676481,-35.05096570688718,80.59210199771996,1.0
10.3,0.7338014658099611,0.3593920767835807,-64.22229382466931,146.52491728782937,1.0
10.333333333333334,0.6794955309179183,0.3471846063936048,-74.70534455203693,119.87932431414794,1.0
10.366666666666667,0.47505907583441537,0.24173442986427118,-57.77787593375974,17.99788613372309,1.0
10.4,0.14994751945349122,0.013339966476987541,-18.06637375232742,-101.56245965028232,1.0
10.433333333333334,-0.21245274939983605,-0.3056476047117364,28.465850389941,-170.75630362068853,1.0
10.466666666666667,-0.5122159506334841,-0.6314965087600246,62.396194173702625,-146.67287350914773,1.0
10.5,-0.6789341739718516,-0.8667367508230794,70.57500397060939,-34.56244375974426,1.0
10.533333333333333,-0.702984365153118,-0.9458617307942921,52.69936117567525,113.90502731949985,1.0
10.566666666666666,-0.6360060156911558,-0.8657617642358119,21.308387761526774,226.5692858590263,1.0
10.6,-0.5604068364210528,-0.685209095179363,-4.835953547600802,247.71304517890056,1.0
10.633333333333333,-0.5437391369600724,-0.49356753520894325,-10.588011037243755,166.93435283444117,1.0
10.666666666666666,-0.6016964795393476,-0.3647938645269202,7.610723738096166,24.87918616639365,1.0
10.7,-0.6890995541446607,-0.32047245117274137,39.78046772160982,-107.36472625367529,1.0
10.733333333333333,-0.723765161461199,-0.3210276779651179,67.52380431925917,-164.75001347573377,1.0
10.766666666666667,-0.6310413968150426,-0.28969229474115066,73.60497667837143,-121.82265508685329,1.0
10.8,-0.38592253661565096,-0.15677802227462584,51.04410327232882,-5.911506550719939,1.0
10.833333333333334,-0.03071318222858721,0.09886558157127256,7.004776925422041,117.02872439552182,1.0
10.866666666666667,0.3412902028530258,0.43302823896162884,-40.57392517976241,176.74261892715816,1.0
10.9,0.6281216823329929,0.7531384020272431,-71.90301512793766,135.4614973396136,1.0
10.933333333333334,0.7660324273092519,0.9607883353661724,-75.24717539501445,8.05708266331114,1.0
10.966666666666667,0.757083253896604,0.9982111925125983,-52.70809356868706,-145.00771180890862,1.0
11.0,0.6634932480993647,0.8749706992227934,-18.9089950664361,-248.43419412779326,1.0
11.033333333333333,0.5719224511020307,0.661231525413088,6.733121393185235,-250.73338245950288,1.0
11.066666666666666,0.5463529586925349,0.45115575681077624,10.147452876646723,-150.78403723448938,1.0
11.1,0.594057151202896,0.3153349798454509,-10.08357340919912,1.482213323112567,1.0
11.133333333333333,0.6622875018894745,0.26676035694943656,-42.026061926190756,130.6891558429391,1.0
11.166666666666666,0.6673445291816336,0.25775410181201375,-66.6586754942107,174.7202525493619,1.0
11.2,0.5408600634553704,0.20920173379631024,-67.85013834305536,116.51999382985463,1.0
11.233333333333333,0.269183144863493,0.05666941405230577,-40.884274059949746,-7.449428946781142,1.0
11.266666666666667,-0.09470163544558496,-0.2107580839084196,4.875895511749536,-126.4557327661776,1.0
11.3,-0.4531138006281523,-0.5393052455888545,50.558842636537086,-172.46332598871246,1.0
11.333333333333334,-0.7084059043127572,-0.8330564860345806,77.22751924511519,-115.66652983623528,1.0
11.366666666666667,-0.8077082178200428,-0.9988410926782113,75.3279780195438,19.802767263363677,1.0
11.4,-0.7649916114348425,-0.990533053540136,49.29453919920484,168.0999614486763,1.0
11.433333333333334,-0.6495175547588462,-0.8301732100743351,14.98159535972983,255.46710982141678,1.0
11.466666666666667,-0.5470685501157553,-0.595293963666263,-8.700651170521933,238.10680261226034,1.0
11.5,-0.5142624169436198,-0.3792128392292391,-9.594849647794453,124.57369969563963,1.0
11.533333333333333,-0.5495948771510341,-0.24485971909284698,11.512713693371994,-28.808096743313833,1.0
11.566666666666666,-0.5959783838267969,-0.1958154529030156,41.47680056329783,-147.01884196402764,1.0
11.6,-0.5731244701854824,-0.17913216322244851,61.792883443466735,-174.79719426136927,1.0
11.633333333333333,-0.4226859854758543,-0.11796547251480372,58.34744527945098,-104.60868154764631,1.0
11.666666666666666,-0.14258877574208023,0.04333224451025347,28.867413286382355,20.20254308772146,1.0
11.7,0.20729047509998055,0.3053035612151366,-15.754632947889318,128.50864806957898,1.0
11.733333333333333,0.53106489019499,0.6083463206769462,-56.896680799324805,158.61910824436583,1.0
11.766666666666667,0.7410856428499507,0.8591894377992773,-77.55908825135647,90.3144282022784,1.0
11.8,0.7979119786757528,0.975256364177177,-70.80366108868404,-44.7873790119903,1.0
11.833333333333334,0.7258430231366686,0.9241759572426469,-42.97444759465747,-179.6972455982221,1.0
11.866666666666667,0.5965964472773302,0.7383721887053132,-10.124791870439534,-246.6409748141177,1.0
11.9,0.4901027215681746,0.4976182744992219,10.419135401902613,-211.7960172227846,1.0
11.933333333333334,0.4529346992967467,0.28889454314997454,8.960458697843542,-92.31112604444667,1.0
11.966666666666667,0.4757379913612263,0.16433803908952593,-11.772520128383329,52.95047611779184,1.0
12.0,0.5008858751504175,0.1186947117878408,-38.33119929766632,153.88814752761118,1.0
12.033333333333333,0.45582994888693174,0.0973109731131491,-53.7714931676273,164.95199091194476,1.0
12.066666666666666,0.2944393074867886,0.02982169659874445,-46.59761038739521,87.80461075885013,1.0
12.1,0.024753179501959044,-0.12844765138023614,-16.799934993470416,-30.586188263353478,1.0
12.133333333333333,-0.2911431998534335,-0.3690323728266929,24.073673871301363,-123.07673658555375,1.0
12.166666666666666,-0.5648950027351427,-0.6309849380002135,58.76417513489472,-137.43431901722715,1.0
12.2,-0.7229120868392188,-0.8291122090758558,72.98414548816434,-63.19649827609282,1.0
12.233333333333333,-0.7397096399019165,-0.8950917208045504,62.45680652683224,63.37488946227319,1.0
12.266666666666667,-0.6468887371437153,-0.8103599255450916,34.75351276454388,178.45165658277722,1.0
12.3,-0.5138205096547699,-0.6141871827349342,5.099848354747234,223.69311125088007,1.0
12.333333333333334,-0.41058609900812615,-0.383289285275906,-11.579835737719058,176.01235717276708,1.0
12.366666666666667,-0.3725126483970632,-0.19388559101566427,-8.234825327322202,58.85109738105031,1.0
12.4,-0.3843490380653123,-0.08580599348578577,10.980960283415042,-70.487316601285,1.0
12.433333333333334,-0.39162323598984305,-0.046737586801758546,33.222251147284915,-150.52147228204774,1.0
12.466666666666667,-0.33259767802397533,-0.023973568899192083,43.88613107474197,-146.7774453722071,1.0
12.5,-0.17380842052184003,0.04322492126620614,34.31193897286597,-68.49848705164585,1.0
12.533333333333333,0.06930068159307867,0.18794010217892093,6.283777386306744,37.35688193831063,1.0
12.566666666666666,0.33710477392306226,0.3951693069591632,-28.901846365168637,111.2570266922364,1.0
12.6,0.5531357597246536,0.6069900447874714,-56.21041735678595,112.08101936890463,1.0
12.633333333333333,0.6597837165456142,0.7502893253209185,-64.43348620256428,37.94598588550825,1.0
12.666666666666666,0.6441670852451296,0.7725210273872836,-51.65066304102492,-73.55979286057998,1.0
12.7,0.5414107490035942,0.6671493188495822,-25.867428933979767,-165.39166115633495,1.0
12.733333333333333,0.41437140866602395,0.47609271864134595,-0.6360366031725797,-190.606422750525,1.0
12.766666666666667,0.32082220610570994,0.2684756649765595,11.97248749569979,-136.12641946324243,1.0
12.8,0.2851353569225303,0.10703291681529348,7.3944595933285395,-28.70525668703883,1.0
12.833333333333334,0.2886704197126191,0.019446989806769593,-9.437393083867077,79.51440656139881,1.0
12.866666666666667,0.2830831761354884,-0.011134892959831458,-27.030445710524194,137.966310782312,1.0
12.9,0.21892462529882253,-0.032362122959854855,-33.54488583978975,123.07314649375839,1.0
12.933333333333334,0.07430410857271477,-0.09363979846521654,-23.011171033721162,49.199228409089876,1.0
12.966666666666667,-0.13120214053624746,-0.21726665055711772,1.6243097765047128,-40.02787788020898,1.0
13.0,-0.34425263170848386,-0.38466309228557183,30.089782647425746,-95.03195507452115,1.0
13.033333333333333,-0.5026816547305942,-0.5444324174678248,50.072596948916924,-85.91574133148245,1.0
13.066666666666666,-0.564646561125514,-0.6376298802870515,53.403314485478546,-17.255505869195126,1.0
13.1,-0.5271871301632607,-0.6269456111618881,39.97444451584649,75.16697803897421,1.0
13.133333333333333,-0.4252221337925914,-0.514877980871156,17.481532205044008,143.4906511357849,1.0
13.166666666666666,-0.3121987060632133,-0.3419956209933961,-2.740887907648855,152.52998820215575,1.0
13.2,-0.23283951313126486,-0.16674741546285388,-11.542780671971933,97.3702993240751,1.0
13.233333333333333,-0.2020369108165201,-0.03756284381586855,-6.432030917981687,5.0620515179367045,1.0
13.266666666666667,-0.20028334430356023,0.028499480629664994,7.518711013592299,-79.94885042035739,1.0
13.3,-0.18722171079551503,0.050142167899285606,20.65632639635187,-118.72313703705966,1.0
13.333333333333334,-0.125613144800108,0.06783892077731789,23.95811987874545,-97.1505147936909,1.0
13.366666666666667,-0.0029956930036588725,0.11942909065547337,13.73413603210062,-32.00280025178542,1.0
13.4,0.16005360034682115,0.21824912299103488,-6.555092189511081,38.887701425034386,1.0
13.433333333333334,0.3189182386245515,0.34496525201118106,-28.18774220704086,76.76308052582928,1.0
13.466666666666667,0.42614435351904106,0.4568678340586693,-41.6858086433886,61.77767953932397,1.0
13.5,0.45376222767925745,0.5093429098131019,-41.55822810571449,2.4618895965862637,1.0
13.533333333333333,0.4054717018074131,0.4782133708205226,-28.873880812771823,-69.62083920395614,1.0
13.566666666666666,0.3129768786627818,0.37158956170147106,-10.449263491672887,-116.7619504752384,1.0
13.6,0.21897293092723594,0.22558652490951747,4.802298319096658,-114.52876915068725,1.0
13.633333333333333,0.15590529845301032,0.08662533924036306,10.399205064151127,-63.75677673478302,1.0
13.666666666666666,0.13134807379963503,-0.010308631402288881,5.375126080901576,10.695691060614266,1.0
13.7,0.12701155739378256,-0.05643554022759058,-5.5751347153030295,73.29251312649528,1.0
13.733333333333333,0.11116911586171657,-0.06996279427641587,-14.82869126636488,96.0293348599279,1.0
13.766666666666667,0.05749646567014147,-0.08324026288749925,-15.9324968527063,72.0922962101496,1.0
13.8,-0.039628759751510645,-0.12352339603721958,-6.926894215386312,18.24044712791501,1.0
13.833333333333334,-0.161086671531188,-0.19748366840726128,8.758427138839588,-34.81836327559006,1.0
13.866666666666667,-0.2719021696229809,-0.2872417351155173,24.18705785068806,-58.67026512290536,1.0
13.9,-0.338094176766657,-0.35949481985199455,32.50576285890721,-41.542042413674615,1.0
13.933333333333334,-0.3426945197417679,-0.38258122822462337,30.354030464301527,6.436091364792446,1.0
13.966666666666667,-0.2929355035960781,-0.3425063848139375,19.381525595839445,59.32224659855247,1.0
14.0,-0.21540510707485103,-0.24985213163691822,5.195330124536841,89.2241463276232,1.0
14.033333333333333,-0.1421634652009228,-0.13443744060186386,-5.61265961302528,80.56465452827801,1.0
14.066666666666666,-0.09520576093128896,-0.030905530159875877,-8.770568475668219,37.508478131176325,1.0
14.1,-0.07711069312835876,0.03717430773840265,-4.285624333206652,-18.90442083354222,1.0
14.133333333333333,-0.07219128168308378,0.06672507186673252,3.85894690962902,-62.0056324541051,1.0
14.166666666666666,-0.056941119374913716,0.07379321513628496,9.99863196996623,-73.0600635102869,1.0
14.2,-0.013935330627270343,0.08273346183407596,9.81192246648997,-50.18961926248913,1.0
14.233333333333333,0.05810082416455159,0.11197489376302491,2.5077667158107486,-8.379815916787937,1.0
14.266666666666667,0.1430311566764664,0.16380060281225192,-8.888175087792504,28.997231412214315,1.0
14.3,0.21512059231575048,0.2231507616276561,-19.198801892977297,42.44402737377594,1.0
14.333333333333334,0.2515787945257646,0.26562750685389575,-23.775153586482407,26.003223579075865,1.0
14.366666666666667,0.24331387052852604,0.2702042982386498,-20.7894630294653,-10.422965415986507,1.0
14.4,0.19859589317381415,0.22997753304321442,-12.007996583840928,-46.89902587327609,1.0
14.433333333333334,0.1381586074014635,0.15560873248555085,-1.7347194034429814,-64.07111922708816,1.0
14.466666666666667,0.08463473404323582,0.07004960663641238,5.446633589927215,-52.96532290866652,1.0
14.5,0.05189542972964425,-0.0024085779153088793,6.934552306073094,-19.0636048685617,1.0
14.533333333333333,0.039591741519320586,-0.04703642977638869,3.2424792540674083,21.10542931447827,1.0
14.566666666666666,0.035275270780731185,-0.06413384898901331,-2.499826095445492,48.754750981867865,1.0
14.6,0.02252581178267935,-0.06670623363721143,-6.329665829955306,52.298046036515416,1.0
14.633333333333333,-0.00941691980105211,-0.07203392617648578,-5.546576375394732,32.685109820315716,1.0
14.666666666666666,-0.05951367973732059,-0.0917826424106158,-0.04544841097855358,2.1564395080401817,1.0
14.7,-0.11522144816191818,-0.12575601044026155,7.740795723807813,-22.59005149449478,1.0
14.733333333333333,-0.15874950667848559,-0.16224967640627366,14.181276906312009,-29.067828090723943,1.0
14.766666666666667,-0.1758182780708805,-0.18445779360662443,16.323099363756327,-15.03976168489094,1.0
14.8,-0.16239333232484177,-0.17935379994881925,13.33013290596152,10.962886884141897,1.0
14.833333333333334,-0.12613611363546798,-0.14441628034818446,6.788084713049492,34.58410961493276,1.0
14.866666666666667,-0.08214467595156136,-0.08891150622759389,-0.2105207394896092,43.244831159600224,1.0
14.9,-0.04543503813833383,-0.029361711246351424,-4.670842582189516,32.42137153536038,1.0
14.933333333333334,-0.024088027550168353,0.01823872452789603,-5.145942228765447,7.51691610778852,1.0
14.966666666666667,-0.016402910794600437,0.045423950220054264,-2.3185463274489106,-19.359455517353723,1.0
15.0,-0.013178099359569456,0.05407794622832808,1.5198533212016967,-35.78950021521885,1.0
15.033333333333333,-0.003598439362560449,0.05398110408896084,3.7593391498098434,-35.21901351581007,1.0
15.066666666666666,0.018499414760591637,0.05669123811337135,2.8337540201684233,-19.825107745300897,1.0
15.1,0.0511889536431461,0.06909322550022536,-1.0339822947921538,1.1565615997171417,1.0
15.133333333333333,0.08541682312430347,0.08989302396228463,-6.0382438456164635,16.5228871131309,1.0
15.166666666666666,0.10962341118254686,0.1106331074998512,-9.784478912688508,18.844556910321447,1.0
15.2,0.11548280335030475,0.12042584735167346,-10.52176579207699,7.936927466790989,1.0
15.233333333333333,0.10181878170665698,0.1117786072522825,-7.981338774301988,-9.53498689622064,1.0
15.266666666666667,0.07485060551140894,0.08449854688633995,-3.4268633327666547,-23.87008980572834,1.0
15.3,0.04487252648518659,0.045816518452236915,1.0573992363687352,-27.428368594532756,1.0
15.333333333333334,0.0212402033719222,0.0068796371474779405,3.6351387867044496,-18.370050083185756,1.0
15.366666666666667,0.008251212898838877,-0.022433694309223557,3.5870572206450393,-1.2480751167422073,1.0
15.4,0.0038797074903636104,-0.03771500506018215,1.562022743992476,15.639323430129206,1.0
15.433333333333334,0.0017628365441999493,-0.041251918007751846,-0.870460075656955,24.598254089798388,1.0
15.466666666666667,-0.004814348931255659,-0.03990652746805413,-2.0925966177426827,22.30198352366547,1.0
15.5,-0.019095642751627236,-0.040965159426497484,-1.2687253348973917,11.124958298526163,1.0
15.533333333333333,-0.0391134633097847,-0.04819209871403183,1.2787539564127404,-2.4532700217831938,1.0
15.566666666666666,-0.05876934666515106,-0.06005221320740506,4.303813261339536,-11.374506464624494,1.0
15.6,-0.07100403878086742,-0.07083600810030727,6.3210572468254895,-11.561824958207097,1.0
15.633333333333333,-0.07132787112425457,-0.07391035433662008,6.365784171190165,-3.7312308057116383,1.0
15.666666666666666,-0.05992038302461335,-0.06530495775089223,4.444672068188852,7.326758931219706,1.0
15.7,-0.04134635971107374,-0.04580022452031579,1.4740817263225794,15.45599331394306,1.0
15.733333333333333,-0.022189252667665478,-0.020559200148622607,-1.2266978339886057,16.33645709404096,1.0
15.766666666666667,-0.007915429550811351,0.003360533920692837,-2.6030289739747245,9.541414486100459,1.0
15.8,-0.0005659707770878618,0.020246589317613067,-2.3500773540249775,-1.4976426015671365,1.0
15.833333333333334,0.0016603447613600499,0.028079799121635933,-0.9889061834427201,-11.451138873978481,1.0
15.866666666666667,0.0028912350382645138,0.028911364301735097,0.47224687730630216,-15.859161703237087,1.0
15.9,0.0070545492226832054,0.027249033835052044,1.0903023515864039,-13.267221797426405,1.0
15.933333333333334,0.01569286994205053,0.027420557609570944,0.46127638827582995,-5.71192325134421,1.0
15.966666666666667,0.027192271018961107,0.031312517712295485,-1.1143767060635785,2.5622552574904702,1.0
16.0,0.0377062264255426,0.03758243405083362,-2.833409741369792,7.382196132408796,1.0
16.033333333333335,0.04318501691879144,0.04261794858918459,-3.829258566562061,6.709981215412733,1.0
16.066666666666666,0.04141254395137155,0.042620864359774864,-3.6116998395274216,1.4797183506675218,1.0
16.1,0.03303156330006832,0.03567866240503306,-2.2875300810205714,-5.114421482762808,1.0
16.133333333333333,0.021119310665459596,0.022779144590027396,-0.4693422785545531,-9.403134512010483,1.0
16.166666666666668,0.009628978667120725,0.00733089177938873,1.058020657276255,-9.125637532014466,1.0
16.2,0.0015493577025720079,-0.006470021992564702,1.728873402076816,-4.464487894523751,1.0
16.233333333333334,-0.002294762851554123,-0.015539434555754073,1.4476454144534292,2.2183931330898194,1.0
16.266666666666666,-0.003272304097412561,-0.01912064154991419,0.5869867013182468,7.711393181810204,1.0
16.3,-0.0039001265279171703,-0.018780682964232086,-0.2446136736078426,9.602677679081827,1.0
16.333333333333332,-0.006340645220842118,-0.017298493502547363,-0.5308075207167436,7.403543798824973,1.0
16.366666666666667,-0.011234439752067577,-0.017093900408330615,-0.09996147297083047,2.629506728210266,1.0
16.4,-0.017424004734772673,-0.01901711620120028,0.8167652306330615,-2.116571864251492,1.0
16.433333333333334,-0.02263262556084454,-0.02206755226091394,1.7341781835383905,-4.522082996334108,1.0
16.466666666666665,-0.024680089020971893,-0.02409858845531087,2.1771125882878564,-3.680733679737373,1.0
16.5,-0.02258368948034728,-0.023068226461978772,1.9187171676835837,-0.4147110912560511,1.0
16.533333333333335,-0.017003644063299853,-0.0181601636057067,1.0766476369655726,3.290153898385712,1.0
16.566666666666666,-0.00986221798583916,-0.010220686635616559,0.031306116863768704,5.380318094132561,1.0
16.6,-0.0033893283631272805,-0.0013434358220626753,-0.7783935706346938,4.771453384135288,1.0
16.633333333333333,0.0008908258478948447,0.006128476581483721,-1.0703459978026162,1.815538154799741,1.0
16.666666666666668,0.0027334001289054757,0.010647100651811223,-0.8384911391820808,-1.9859436168278577,1.0
16.7,0.0030693932587799073,0.012037358463063834,-0.32579538557445453,-4.816223459287691,1.0
16.733333333333334,0.0033430362427245095,0.011368886096848923,0.12236605842751352,-5.464025191180225,1.0
16.766666666666666,0.004673086445764078,0.01025187456364971,0.24099336451303055,-3.8667167267540434,1.0
16.8,0.007272210483374333,0.009958423047727996,-0.029352597343985643,-1.0393799564341448,1.0
16.833333333333332,0.010389959976528397,0.010819364643711816,-0.5316593303496887,1.5212645391752964,1.0
16.866666666666667,0.012759929813786937,0.01216780678846905,-0.9907534194170158,2.616460286763284,1.0
16.9,0.0132824729613647,0.012803919639686991,-1.162014640921911,1.9062139342354556,1.0
16.933333333333334,0.01158120691112892,0.01169869611890543,-0.9521344206736678,-0.006584832617809624,1.0
16.966666666666665,0.008166388938226868,0.00856124985485035,-0.4545577545546205,-1.9670277824677136,1.0
17.0,0.004156757056821273,0.003995948660293765,0.11025331250274738,-2.896948910695756,1.0
17.033333333333335,0.0007339118785552904,-0.0007960439963679428,0.5116063466804742,-2.3280515745562678,1.0
17.066666666666666,-0.0013808231066209137,-0.004586274987035698,0.6196293215515652,-0.5837128332277604,1.0
17.1,-0.002175286738997636,-0.006657489774533426,0.4565081087227883,1.4486175230598275,1.0
17.133333333333333,-0.0022281540166693595,-0.007051751093271136,0.16846107544740613,2.804207966632667,1.0
17.166666666666668,-0.002319931770182363,-0.006435675031142222,-0.06004244017367566,2.922211402609444,1.0
17.2,-0.0029933435379823365,-0.005687011641648504,-0.10189837729946083,1.8837087202790574,1.0
17.233333333333334,-0.004286016455955281,-0.005433307909049767,0.05529682816285627,0.3116259904076897,1.0
17.266666666666666,-0.005750818153540534,-0.005773842403572537,0.31470767854105564,-0.9862517258963912,1.0
17.3,-0.006725155325949551,-0.006302337674304585,0.5296128300077739,-1.4305522264537538,1.0
17.333333333333332,-0.006690766435929935,-0.0063874130335719575,0.5819873782897808,-0.9305222736937482,1.0
17.366666666666667,-0.005535914202154414,-0.005544292605495166,0.4395456139082794,0.12243620381287112,1.0
17.4,-0.0035982138296541174,-0.003702358497472214,0.1651135148340534,1.0987030420841544,1.0
17.433333333333334,-0.0014863778307970452,-0.0012437722658168722,-0.12169708091855387,1.468070422240635,1.0
17.466666666666665,0.0002117190487238047,0.0011861445269246798,-0.30700742408919834,1.0549616619784434,1.0
17.5,0.0011818698510021148,0.0029832244117759185,-0.3362862848395376,0.09309451519139485,1.0
17.533333333333335,0.001478877047178671,0.003844208164901615,-0.23365576386021553,-0.9278102699781511,1.0
17.566666666666666,0.0014352172836435155,0.003860036186943568,-0.08092949490318319,-1.5271479868899116,1.0
17.6,0.0014482944759992996,0.003414454296040937,0.02916351176703022,-1.4684759219396308,1.0
17.633333333333333,0.0017641542806465212,0.002957839290415331,0.03990755764928627,-0.851505045909161,1.0
17.666666666666668,0.002364656799885173,0.002779887217558066,-0.04539514885970767,-0.029936493640524618,1.0
17.7,0.0030026641270894565,0.002892195037178087,-0.17173259958947137,0.5869080963566561,1.0
17.733333333333334,0.003351936013771195,0.003065842813525837,-0.26549782103662806,0.739249011211712,1.0
17.766666666666666,0.003185147890265053,0.002987860945946949,-0.27346708334454445,0.4271617721787912,1.0
17.8,0.0024884620081321706,0.00244558185988412,-0.1877894885252555,-0.11844295155707968,1.0
17.833333333333332,0.0014617975221799652,0.0014436461793340778,-0.046103480864347644,-0.5753930128184971,1.0
17.866666666666667,0.0004154887721912709,0.00020164648103916834,0.09071724810787073,-0.7000782429839416,1.0
17.9,-0.00037613181932221677,-0.000955238803940948,0.1699425203201922,-0.44064788299979746,1.0
17.933333333333334,-0.0007888575071028157,-0.0017487059926414579,0.17115631178839402,0.056319393773881704,1.0
17.966666666666665,-0.0008788341549609438,-0.0020642763008660425,0.11216252920483956,0.5378373541929257,1.0
18.0,-0.0008238317417871968,-0.001979652323751681,0.03571699430192169,0.7795631776192804,1.0
18.033333333333335,-0.0008144853679639568,-0.0017002938446354905,-0.014321579862647173,0.6928645917263211,1.0
18.066666666666666,-0.0009545070256241368,-0.0014437414657645826,-0.014578949768785269,0.3541704399195981,1.0
18.1,-0.0012177777029939876,-0.0013346144821279361,0.02882876545127366,-0.04959307001756443,1.0
18.133333333333333,-0.0014768420789561397,-0.0013600091542173847,0.08687430375521568,-0.3237275782832523,1.0
18.166666666666668,-0.0015805184841060026,-0.0013997816870309164,0.12480106053343934,-0.36104706190009495,1.0
18.2,-0.001436585196202721,-0.0013077705963137883,0.12026964330027953,-0.183784509837428,1.0
18.233333333333334,-0.001057838517302949,-0.0009976401283974695,0.07342780274417422,0.08258356823319866,1.0
18.266666666666666,-0.000552413665708937,-0.0004899321544972407,0.004834671155071479,0.2832261369376472,1.0
18.3,-6.874941331102972e-05,9.913867797084973e-05,-0.056413001486366826,0.31397515690254046,1.0
18.333333333333332,0.00027330301858666175,0.0006157424165974153,-0.0874585895483491,0.16746155168200139,1.0
18.366666666666667,0.0004304140596619429,0.0009400998799192515,-0.08182107265091552,-0.07355436754449914,1.0
18.4,0.0004420564816406468,0.0010354292737520371,-0.050465378053228774,-0.28652062832231073,1.0
18.433333333333334,0.0003970814118621808,0.0009529293400849685,-0.014322675782953926,-0.3735131492504912,1.0
18.466666666666665,0.0003816349220510045,0.0007953553670758798,0.007101851558549486,-0.30653212277172687,1.0
18.5,0.00043605337195705147,0.0006615964270960385,0.005019014795698254,-0.1335816093304236,1.0
18.533333333333335,0.0005406767988986635,0.0006012814038370661,-0.015743034626079216,0.05304807714288612,1.0
18.566666666666666,0.000633962125048171,0.0006001023192808849,-0.04088482603866958,0.16648911866700902,1.0
18.6,0.0006500126903661902,0.0005990618623609332,-0.054959873852913045,0.1666175821749692,1.0
18.633333333333333,0.0005546094539682489,0.0005338587407599829,-0.04929861725143453,0.07373829715546341,1.0
18.666666666666668,0.0003620049406522097,0.0003723927349001967,-0.02568773350641211,-0.04885394172335104,1.0
18.7,0.00012624870791503876,0.00013191033939348375,0.005507864813538476,-0.13126510170787778,1.0
18.733333333333334,-8.59715376435207e-05,-0.00013049718975332425,0.03121681755025788,-0.1322980830838402,1.0
18.766666666666666,-0.00022574568912866729,-0.00034648638658029226,0.04219280909673605,-0.05648419391773575,1.0
18.8,-0.00028056494644224095,-0.0004680730296701174,0.03694319457486759,0.053355220272885674,1.0
18.833333333333332,-0.0002736161062988536,-0.0004865510217110779,0.02145144817789405,0.14149679308424795,1.0
18.866666666666667,-0.0002465012583796217,-0.00043101439088582514,0.005334861869017951,0.16810059869527647,1.0
18.9,-0.0002358424410641578,-0.00034960190414637534,-0.0032599633367376393,0.12689248780048548,1.0
18.933333333333334,-0.00025589431465776046,-0.00028459109932509145,-0.001386301898951936,0.0443978363958349,1.0
18.966666666666665,-0.0002948325752506418,-0.00025408237193387724,0.007992026317510817,-0.036713072220404507,1.0
19.0,-0.00032473861538549905,-0.0002482194264096305,0.018276211555229155,-0.08013794924064226,1.0
19.033333333333335,-0.0003185930940396396,-0.00023981406950975305,0.023008046229349384,-0.07262155852716161,1.0
19.066666666666666,-0.0002649868797382465,-0.00020223177003861402,0.019110845546327734,-0.027372241869659846,1.0
19.1,-0.00017352336227605944,-0.00012474573458543786,0.008074512654033882,0.02582792926798685,1.0
19.133333333333333,-6.930977801610729e-05,-1.8037340829894788e-05,-0.005243259381191076,0.05735374896251344,1.0
19.166666666666668,1.9527545171533152e-05,9.173259636859913e-05,-0.015322441842099185,0.052291345964806835,1.0
19.2,7.443948459789618e-05,0.00017605152546681425,-0.018688897898403504,0.0159731329306148,1.0
19.233333333333334,9.308170357067484e-05,0.00021713365321109188,-0.015307334829738064,-0.03109558536297272,1.0
19.266666666666666,8.754348343487928e-05,0.0002145994100164712,-0.008146640765557584,-0.06512374187621339,1.0
19.3,7.612188954645413e-05,0.0001832929933342792,-0.0013593849829574632,-0.07108017748406657,1.0
19.333333333333332,7.345804468535699e-05,0.00014437806601360804,0.001864730494067847,-0.04899243973610911,1.0
19.366666666666667,8.401396679145251e-05,0.00011483418424376207,0.0006887753921245898,-0.012137265595664465,1.0
19.4,0.00010158756882185973,0.00010058896206063714,-0.003313242807055146,0.02098362976973237,1.0
19.433333333333334,0.00011426610244800179,9.607400902084186e-05,-0.007282520220356122,0.03619339460675536,1.0
19.466666666666665,0.0001116431063900638,8.950690054952515e-05,-0.008681180619144961,0.029874154536066223,1.0
19.5,9.043343716468544e-05,7.05096770436544e-05,-0.006531131306499591,0.00927544961329523,1.0
19.533333333333335,5.5907820166721415e-05,3.5986024240031685e-05,-0.0017285447463596991,-0.012490981213288269,1.0
19.566666666666666,1.894601493442104e-05,-8.430251314305445e-06,0.0036004049119952855,-0.02364632309951192,1.0
19.6,-9.327396237142775e-06,-5.152247073876919e-05,0.0072648669087324045,-0.019340992929525916,1.0
19.633333333333333,-2.2433151729940976e-05,-8.212765776944531e-05,0.008061368661772955,-0.003132996804383468,1.0
19.666666666666668,-2.0659623152167772e-05,-9.420629240058595e-05,0.006217144545548985,0.015836051417472564,1.0
19.7,-9.76205740770746e-06,-8.895305339267621e-05,0.00308984642625532,0.028029731422308645,1.0
19.733333333333334,2.669572682563927e-06,-7.329888906131083e-05,0.0003658491370404247,0.02823235417343178,1.0
19.766666666666666,1.1107876850613623e-05,-5.598522576974893e-05,-0.0007883947961574689,0.017554528288647935,1.0
19.8,1.4353489978512522e-05,-4.340688980185398e-05,-0.00020223809072668884,0.002105517777826565,1.0
19.833333333333332,1.5313424498296012e-05,-3.723540098202063e-05,0.001374276716898711,-0.010585427353215738,1.0
19.866666666666667,1.873675218096625e-05,-3.469894492191413e-05,0.003623180587610011,-0.015363413319806507,1.0
19.9,2.8315698411352354e-05,-3.098911701259624e-05,0.005872084458321069,-0.011587226826144013,1.0
19.933333333333334,4.472360462162283e-05,-2.2307580606900084e-05,0.008120988329032373,-0.0027969542621487835,1.0
19.966666666666665,6.540137939526035e-05,-7.962362645203637e-06,0.010369892199743425,0.005595677704539941,1.0
